id,courseid,placeid,data_begin,data_end,data_endof_inscription,shift,duration,class,capacity,enrollments
1001,1228,1055,2015-02-10,2016-01-19,2016-01-01,Noturno,176,2,22,18
1002,1223,1349,2015-03-19,2014-09-22,2015-06-01,Noturno,384,2,17,29
1003,1680,1177,2016-02-20,2015-01-28,2016-02-10,Matutino,201,6,16,13
1004,1610,1063,2014-12-22,2015-06-29,2015-05-15,Vespertino,125,2,35,42
1005,1126,1344,2015-01-01,2016-03-02,2015-07-25,Noturno,117,6,28,44
1006,1482,1191,2016-05-05,2014-10-23,2016-04-04,Matutino,366,7,21,32
1007,1721,1040,2015-10-31,2016-01-08,2016-04-12,Noturno,258,9,45,23
1008,1444,1187,2015-05-24,2014-08-30,2016-06-20,Vespertino,95,4,14,21
1009,1348,1202,2015-10-20,2014-11-07,2016-04-25,Noturno,313,10,37,27
1010,1586,1015,2015-09-11,2014-09-18,2015-12-08,Matutino,163,8,10,11
1011,1462,1383,2016-06-10,2014-10-06,2015-03-14,Matutino,400,4,45,8
1012,1042,1086,2014-07-27,2015-12-27,2015-06-26,Vespertino,129,8,12,43
1013,1638,1089,2016-01-18,2016-04-03,2015-05-08,Vespertino,186,10,27,15
1014,1301,1069,2015-01-30,2015-01-12,2015-10-31,Vespertino,369,10,34,30
1015,1592,1227,2015-07-19,2015-04-22,2015-09-24,Matutino,384,1,21,26
1016,1852,1064,2016-01-04,2015-03-03,2015-09-16,Noturno,183,7,12,24
1017,1577,1009,2014-12-30,2015-01-13,2015-03-29,Matutino,269,5,42,30
1018,1802,1181,2016-02-16,2014-07-21,2016-06-24,Vespertino,124,6,35,5
1019,1543,1373,2014-07-25,2016-01-15,2015-11-05,Vespertino,198,9,42,19
1020,1278,1240,2016-06-15,2015-01-12,2014-12-15,Matutino,269,10,15,39
1021,1850,1171,2016-05-15,2015-03-08,2014-08-19,Vespertino,281,5,29,36
1022,1236,1129,2015-09-12,2015-11-27,2015-10-26,Noturno,365,5,31,36
1023,1736,1138,2014-12-16,2014-08-14,2014-11-04,Vespertino,210,10,33,15
1024,1656,1026,2014-08-07,2015-02-20,2016-01-20,Vespertino,215,5,42,5
1025,1842,1267,2016-01-15,2016-03-06,2015-12-27,Matutino,319,2,34,24
1026,1405,1301,2014-08-17,2015-02-09,2014-11-07,Vespertino,344,8,18,6
1027,1826,1274,2014-10-21,2015-12-15,2015-02-05,Matutino,309,4,30,8
1028,1822,1225,2016-02-04,2015-09-06,2016-06-11,Noturno,307,2,19,29
1029,1484,1275,2016-01-23,2015-11-01,2015-07-16,Matutino,114,1,40,45
1030,1235,1153,2014-09-10,2015-08-18,2015-04-25,Noturno,131,1,30,24
1031,1061,1239,2015-02-03,2016-04-17,2016-01-03,Matutino,237,7,38,24
1032,1447,1084,2014-07-03,2014-07-13,2014-12-20,Noturno,330,3,35,18
1033,1071,1133,2015-12-23,2016-03-23,2014-09-25,Matutino,339,3,36,33
1034,1385,1260,2014-10-14,2014-08-13,2015-07-14,Matutino,191,4,31,16
1035,1487,1091,2016-04-24,2015-02-23,2015-03-30,Vespertino,157,1,25,18
1036,1605,1013,2016-02-22,2015-07-02,2016-05-21,Noturno,330,9,11,39
1037,1585,1111,2015-08-14,2014-11-03,2015-04-23,Matutino,355,2,23,15
1038,1855,1294,2015-11-11,2014-11-12,2015-12-19,Vespertino,211,5,39,43
1039,1008,1154,2015-04-30,2015-09-07,2016-05-15,Noturno,90,7,31,39
1040,1701,1372,2016-01-06,2015-04-28,2015-10-13,Matutino,291,9,39,11
1041,1685,1003,2016-06-19,2016-05-10,2016-04-03,Vespertino,310,4,42,26
1042,1690,1085,2016-02-09,2016-05-27,2016-05-08,Vespertino,268,1,36,10
1043,1349,1002,2015-08-01,2015-05-07,2014-08-30,Matutino,189,4,27,38
1044,1130,1117,2015-11-11,2014-11-03,2015-07-06,Vespertino,195,10,31,18
1045,1382,1380,2016-05-25,2014-09-18,2016-06-01,Noturno,289,4,14,38
1046,1809,1308,2016-02-27,2015-05-12,2015-05-04,Matutino,208,5,13,25
1047,1744,1262,2015-12-21,2015-06-17,2015-06-10,Noturno,104,7,16,34
1048,1533,1125,2015-06-03,2015-02-04,2014-09-12,Noturno,197,7,34,7
1049,1268,1112,2014-12-27,2015-12-06,2015-05-11,Noturno,111,2,43,38
1050,1398,1318,2015-09-09,2016-06-04,2016-06-29,Vespertino,112,7,28,10
1051,1767,1248,2014-07-15,2015-01-08,2015-01-31,Matutino,119,1,17,11
1052,1605,1192,2016-02-09,2015-08-10,2015-05-25,Noturno,203,5,42,30
1053,1795,1301,2014-11-12,2016-05-07,2016-01-11,Noturno,364,1,17,18
1054,1216,1309,2015-10-14,2014-12-26,2015-10-16,Matutino,134,10,42,7
1055,1208,1196,2015-05-02,2016-03-24,2016-02-09,Noturno,96,8,23,41
1056,1357,1194,2015-05-24,2015-02-01,2015-12-05,Matutino,110,9,13,29
1057,1103,1319,2015-01-05,2014-07-23,2015-03-23,Noturno,315,7,25,38
1058,1213,1150,2015-08-23,2014-11-03,2015-03-29,Matutino,350,2,12,39
1059,1611,1325,2014-10-30,2016-03-25,2015-11-21,Noturno,380,8,35,20
1060,1015,1264,2015-07-17,2015-12-29,2015-09-18,Vespertino,140,5,29,30
1061,1844,1018,2014-12-22,2014-07-14,2014-06-30,Noturno,266,4,40,36
1062,1496,1246,2015-05-06,2016-02-08,2015-11-30,Noturno,259,5,40,35
1063,1147,1124,2015-10-21,2016-04-24,2016-04-11,Noturno,343,5,22,8
1064,1088,1158,2015-06-06,2015-10-10,2014-10-29,Matutino,158,7,23,13
1065,1465,1027,2015-04-21,2015-07-31,2016-06-20,Noturno,249,5,36,35
1066,1109,1113,2014-09-10,2015-12-07,2015-06-11,Noturno,222,5,41,29
1067,1625,1221,2015-08-16,2016-02-17,2015-04-13,Noturno,208,1,23,12
1068,1693,1382,2015-07-26,2015-10-25,2014-12-29,Noturno,108,5,39,40
1069,1705,1208,2015-04-04,2016-03-18,2015-11-07,Matutino,263,4,42,6
1070,1455,1041,2015-01-02,2014-07-09,2015-03-29,Matutino,254,10,22,40
1071,1580,1315,2015-04-15,2015-05-01,2015-04-30,Noturno,248,10,20,37
1072,1410,1118,2015-08-29,2016-06-13,2015-12-21,Matutino,172,3,29,36
1073,1597,1065,2015-10-21,2016-03-22,2015-07-25,Vespertino,231,1,11,44
1074,1104,1020,2016-06-25,2015-03-11,2016-04-26,Matutino,197,9,14,36
1075,1101,1221,2016-02-28,2015-03-31,2016-04-04,Matutino,356,8,39,26
1076,1719,1212,2015-01-03,2014-11-21,2015-07-13,Matutino,189,6,34,37
1077,1007,1185,2015-05-27,2016-01-31,2016-03-03,Matutino,188,9,32,39
1078,1414,1050,2014-11-21,2014-11-28,2015-07-06,Matutino,94,10,16,44
1079,1097,1268,2014-10-24,2015-04-12,2016-05-06,Vespertino,174,5,36,31
1080,1780,1360,2015-02-10,2015-01-20,2016-05-13,Noturno,238,3,24,5
1081,1096,1051,2014-08-15,2016-02-23,2015-08-27,Noturno,258,6,11,28
1082,1684,1185,2015-07-22,2015-02-03,2015-10-08,Noturno,346,3,10,43
1083,1464,1126,2015-03-08,2014-10-22,2015-07-17,Noturno,122,7,17,25
1084,1671,1072,2015-04-08,2016-04-10,2014-12-09,Noturno,299,7,39,6
1085,1785,1052,2015-05-21,2016-03-11,2014-10-23,Matutino,235,7,30,8
1086,1641,1075,2015-04-03,2015-02-05,2015-04-08,Matutino,196,8,24,16
1087,1461,1034,2015-04-08,2016-06-08,2015-03-08,Matutino,385,3,19,40
1088,1281,1327,2016-02-26,2014-09-08,2015-02-15,Matutino,141,1,31,40
1089,1804,1123,2015-08-24,2016-03-03,2015-04-03,Vespertino,112,9,20,33
1090,1677,1098,2015-07-08,2016-05-07,2015-10-12,Noturno,183,7,42,9
1091,1548,1335,2015-10-09,2016-04-15,2016-06-18,Vespertino,195,8,26,44
1092,1796,1309,2014-12-24,2014-08-22,2014-12-12,Vespertino,225,9,19,8
1093,1625,1188,2014-10-06,2015-02-25,2016-02-14,Matutino,190,3,20,22
1094,1225,1235,2015-02-02,2015-03-23,2015-07-31,Vespertino,98,5,23,33
1095,1727,1101,2016-02-12,2015-05-25,2016-06-13,Vespertino,223,3,31,32
1096,1806,1007,2016-05-26,2015-02-05,2016-01-28,Noturno,367,9,27,28
1097,1673,1333,2014-08-09,2015-12-22,2015-05-26,Matutino,310,6,40,7
1098,1597,1269,2014-07-18,2015-09-27,2015-06-12,Vespertino,393,6,43,28
1099,1213,1091,2014-10-25,2015-09-11,2015-11-22,Matutino,338,5,29,21
1100,1476,1039,2015-07-10,2014-11-09,2014-09-12,Noturno,129,9,22,37
1101,1429,1312,2016-05-13,2015-05-07,2016-06-14,Matutino,166,5,45,31
1102,1154,1072,2015-11-09,2015-07-11,2016-05-03,Vespertino,378,3,10,5
1103,1828,1235,2015-11-18,2014-07-17,2014-07-14,Matutino,112,5,44,36
1104,1221,1034,2015-10-30,2015-02-08,2016-02-04,Vespertino,272,4,15,37
1105,1503,1306,2014-09-24,2016-05-26,2015-01-15,Vespertino,359,5,21,28
1106,1693,1275,2014-10-10,2015-05-12,2016-01-07,Vespertino,123,3,45,8
1107,1782,1021,2015-12-13,2016-04-25,2015-03-05,Matutino,120,7,18,10
1108,1046,1298,2014-08-07,2016-04-28,2016-01-15,Matutino,197,6,31,35
1109,1686,1069,2016-03-11,2015-06-08,2015-03-09,Vespertino,147,9,33,14
1110,1167,1184,2015-07-27,2015-11-22,2014-07-19,Vespertino,263,2,13,9
1111,1527,1367,2016-06-08,2015-08-28,2015-04-03,Noturno,376,3,15,39
1112,1116,1001,2016-01-29,2015-03-02,2015-12-31,Matutino,370,7,27,22
1113,1233,1323,2015-06-23,2015-02-25,2015-08-20,Vespertino,351,3,24,42
1114,1098,1106,2014-12-07,2016-02-12,2016-03-03,Matutino,282,7,33,16
1115,1087,1165,2016-05-19,2016-03-08,2015-03-21,Noturno,311,3,43,9
1116,1664,1319,2015-08-27,2016-05-07,2015-05-05,Matutino,263,10,38,42
1117,1468,1174,2016-01-26,2015-06-26,2016-01-19,Vespertino,167,9,27,32
1118,1143,1043,2016-01-05,2015-08-07,2015-02-25,Vespertino,227,2,27,34
1119,1808,1031,2015-05-07,2016-02-24,2016-01-19,Matutino,112,7,22,6
1120,1057,1159,2016-06-02,2015-06-12,2015-05-25,Matutino,316,6,34,24
1121,1593,1202,2014-10-13,2016-01-01,2015-09-30,Vespertino,248,2,29,22
1122,1573,1150,2016-05-06,2015-01-16,2014-07-19,Matutino,240,7,18,22
1123,1701,1263,2016-01-23,2016-05-19,2016-04-01,Noturno,293,6,17,28
1124,1663,1238,2015-12-30,2015-08-26,2015-01-06,Vespertino,140,1,29,23
1125,1095,1223,2015-01-01,2015-08-08,2016-01-31,Vespertino,285,9,44,39
1126,1178,1101,2015-07-04,2015-12-26,2016-03-27,Noturno,250,5,25,45
1127,1814,1119,2016-04-09,2015-10-31,2015-11-20,Noturno,272,1,30,11
1128,1408,1298,2015-02-27,2015-07-19,2015-10-22,Vespertino,119,5,21,12
1129,1826,1016,2014-12-01,2016-03-26,2016-02-29,Noturno,360,6,10,17
1130,1469,1017,2016-01-08,2015-07-22,2016-05-21,Vespertino,240,9,35,39
1131,1500,1380,2016-03-28,2016-05-01,2015-02-13,Noturno,158,6,37,24
1132,1720,1241,2015-08-08,2014-11-09,2015-12-17,Vespertino,201,10,31,10
1133,1856,1239,2015-12-26,2016-06-16,2015-11-23,Matutino,182,8,13,42
1134,1160,1257,2015-12-22,2015-09-18,2016-03-07,Noturno,190,1,40,26
1135,1443,1284,2015-09-28,2015-04-10,2015-02-06,Vespertino,230,8,13,36
1136,1154,1098,2015-01-23,2014-07-05,2016-05-31,Vespertino,397,3,44,37
1137,1505,1357,2014-12-11,2016-02-04,2015-05-19,Matutino,185,6,13,5
1138,1378,1342,2014-10-19,2014-12-25,2016-03-05,Noturno,177,8,18,40
1139,1112,1057,2014-09-30,2016-04-29,2015-12-26,Noturno,205,5,36,10
1140,1851,1051,2015-05-23,2015-05-18,2015-05-17,Vespertino,237,6,37,38
1141,1799,1025,2016-05-16,2015-10-03,2015-03-04,Noturno,290,2,35,39
1142,1664,1060,2014-07-10,2015-10-15,2015-04-20,Matutino,352,4,37,31
1143,1469,1095,2014-08-01,2014-11-09,2016-03-04,Noturno,288,7,42,5
1144,1560,1124,2016-05-01,2015-11-06,2016-05-09,Noturno,162,9,44,8
1145,1266,1156,2015-05-30,2014-12-09,2014-11-22,Noturno,146,4,27,33
1146,1037,1185,2015-03-02,2016-04-28,2014-08-19,Matutino,226,1,45,8
1147,1765,1079,2015-06-13,2015-05-23,2016-04-16,Noturno,200,3,26,23
1148,1579,1366,2015-05-29,2015-08-21,2014-08-28,Matutino,210,8,17,21
1149,1559,1108,2015-08-31,2014-11-26,2016-03-03,Vespertino,199,1,22,35
1150,1725,1084,2016-03-23,2015-11-13,2016-02-23,Vespertino,90,4,24,37
1151,1717,1257,2015-11-05,2015-04-27,2014-11-19,Matutino,236,4,44,15
1152,1455,1313,2016-02-27,2016-05-16,2015-12-16,Vespertino,156,2,34,29
1153,1281,1168,2016-02-24,2016-01-03,2016-03-22,Noturno,260,2,21,26
1154,1405,1086,2014-10-22,2014-11-14,2015-09-20,Matutino,271,3,39,27
1155,1032,1124,2014-08-11,2016-02-13,2014-12-11,Matutino,267,10,19,6
1156,1772,1212,2014-10-18,2015-11-27,2015-03-29,Vespertino,264,8,31,36
1157,1061,1090,2015-06-15,2015-06-03,2016-01-27,Noturno,322,1,14,23
1158,1346,1348,2015-08-03,2015-03-24,2015-08-04,Noturno,132,3,21,23
1159,1210,1114,2015-01-19,2015-10-13,2015-09-07,Noturno,385,3,44,14
1160,1573,1356,2014-10-06,2016-02-02,2015-01-10,Matutino,292,10,29,35
1161,1686,1160,2015-04-23,2016-03-01,2014-08-01,Vespertino,355,7,31,5
1162,1217,1117,2016-01-23,2015-08-31,2016-03-08,Noturno,275,1,39,16
1163,1168,1081,2015-12-29,2015-04-14,2014-07-07,Vespertino,373,10,42,10
1164,1728,1053,2015-09-09,2014-09-04,2015-06-10,Vespertino,383,8,34,33
1165,1004,1279,2016-06-08,2015-07-05,2016-02-09,Matutino,148,1,23,13
1166,1533,1065,2016-01-11,2016-06-13,2014-12-22,Vespertino,203,1,37,44
1167,1039,1129,2016-01-12,2015-07-19,2016-06-06,Noturno,319,10,42,26
1168,1113,1217,2015-01-12,2015-11-03,2016-03-29,Noturno,184,2,41,38
1169,1825,1324,2015-06-24,2015-12-06,2015-03-13,Matutino,178,2,12,22
1170,1167,1036,2015-07-29,2016-03-06,2015-10-10,Matutino,266,1,26,25
1171,1546,1130,2014-10-20,2016-04-28,2015-02-24,Matutino,125,1,11,11
1172,1703,1046,2014-07-06,2014-08-03,2015-10-09,Vespertino,120,9,23,9
1173,1542,1106,2014-10-09,2015-11-10,2015-09-30,Matutino,259,5,24,26
1174,1535,1015,2014-08-23,2015-06-27,2016-02-13,Matutino,347,7,45,22
1175,1602,1019,2014-06-30,2015-01-27,2014-10-25,Noturno,223,5,22,13
1176,1090,1230,2016-01-23,2014-07-01,2016-03-07,Noturno,270,2,33,27
1177,1787,1222,2014-11-12,2014-11-20,2015-04-29,Noturno,227,3,32,25
1178,1271,1181,2016-04-29,2016-05-01,2014-09-06,Vespertino,348,7,35,45
1179,1235,1233,2015-02-26,2015-05-31,2015-06-13,Vespertino,232,7,24,5
1180,1839,1314,2015-05-03,2015-07-27,2014-10-16,Matutino,353,5,40,17
1181,1756,1166,2016-02-12,2016-05-26,2015-02-18,Matutino,185,3,37,28
1182,1703,1294,2015-08-06,2014-10-21,2015-05-31,Matutino,230,4,45,20
1183,1615,1003,2015-12-18,2014-10-08,2015-03-24,Noturno,385,2,43,18
1184,1813,1258,2015-11-27,2014-07-23,2015-04-25,Noturno,230,4,25,33
1185,1155,1307,2014-07-22,2015-12-29,2015-04-02,Vespertino,170,9,26,30
1186,1672,1142,2015-02-04,2015-06-25,2015-06-12,Matutino,239,1,29,6
1187,1350,1283,2016-02-18,2014-07-03,2015-06-05,Matutino,128,9,31,25
1188,1072,1153,2015-04-18,2016-03-28,2015-05-22,Noturno,179,3,43,9
1189,1586,1008,2016-01-25,2015-06-26,2015-01-30,Matutino,113,4,30,15
1190,1047,1367,2015-11-29,2015-08-23,2016-06-20,Matutino,166,7,10,9
1191,1301,1071,2015-07-17,2015-12-11,2015-03-14,Matutino,116,7,36,37
1192,1371,1156,2015-05-28,2015-06-04,2015-06-09,Matutino,169,4,44,13
1193,1346,1258,2015-06-14,2015-11-07,2014-10-31,Noturno,201,10,10,42
1194,1810,1186,2014-07-10,2016-06-26,2016-06-15,Noturno,290,4,22,28
1195,1198,1247,2014-10-22,2014-08-02,2014-11-21,Noturno,217,9,31,7
1196,1305,1316,2014-08-14,2016-01-03,2015-05-09,Noturno,340,7,12,32
1197,1639,1118,2015-05-31,2014-08-05,2014-09-29,Matutino,96,4,43,28
1198,1306,1050,2015-12-04,2015-05-15,2015-02-24,Matutino,213,8,18,24
1199,1679,1169,2015-06-22,2016-05-19,2015-08-01,Matutino,346,4,28,26
1200,1395,1052,2016-04-30,2015-11-05,2014-12-29,Matutino,146,5,18,18
1201,1374,1339,2015-05-28,2015-03-07,2014-11-11,Noturno,351,4,18,5
1202,1548,1130,2015-08-04,2014-12-23,2016-03-10,Vespertino,250,1,44,22
1203,1452,1234,2014-09-23,2016-06-13,2015-04-06,Noturno,146,5,44,43
1204,1382,1159,2015-03-28,2015-05-05,2015-07-08,Matutino,119,4,31,17
1205,1730,1063,2014-07-06,2015-10-03,2015-01-19,Vespertino,123,5,12,21
1206,1290,1284,2015-07-06,2014-07-16,2015-03-17,Matutino,257,2,34,41
1207,1672,1022,2015-10-27,2016-01-27,2015-05-12,Vespertino,231,2,16,29
1208,1824,1289,2015-01-23,2015-05-20,2015-01-02,Matutino,274,9,33,16
1209,1130,1328,2016-05-03,2015-06-23,2015-01-09,Matutino,174,5,16,44
1210,1433,1113,2016-04-29,2016-06-14,2014-08-25,Matutino,259,4,30,44
1211,1731,1047,2014-08-12,2015-07-01,2015-11-14,Matutino,99,1,38,33
1212,1220,1278,2014-10-27,2016-02-23,2014-09-02,Noturno,238,9,23,38
1213,1575,1126,2015-03-25,2015-12-23,2015-04-19,Matutino,384,10,18,42
1214,1815,1243,2014-12-29,2015-11-01,2016-04-25,Vespertino,97,6,29,32
1215,1843,1254,2014-08-21,2015-11-21,2014-07-01,Matutino,368,6,17,30
1216,1763,1069,2015-07-08,2015-05-16,2016-06-12,Matutino,268,4,25,30
1217,1659,1064,2015-02-12,2015-02-15,2014-08-18,Vespertino,201,9,15,40
1218,1684,1106,2016-05-13,2014-07-30,2015-12-31,Matutino,216,4,30,43
1219,1830,1200,2015-07-28,2016-02-08,2014-08-21,Matutino,289,3,41,16
1220,1445,1173,2015-06-23,2016-05-26,2015-05-24,Matutino,155,1,32,39
1221,1225,1134,2016-02-02,2015-01-30,2014-09-30,Vespertino,263,2,16,24
1222,1598,1154,2015-09-14,2014-08-12,2015-06-20,Noturno,138,10,19,25
1223,1711,1286,2015-07-20,2015-01-24,2014-12-07,Matutino,228,3,29,28
1224,1448,1030,2015-12-18,2015-06-06,2015-01-22,Vespertino,133,10,38,15
1225,1545,1094,2015-06-07,2015-12-05,2014-08-29,Matutino,236,4,18,8
1226,1477,1079,2014-12-06,2014-07-11,2015-03-10,Vespertino,382,8,12,28
1227,1085,1304,2016-04-04,2015-09-02,2015-02-28,Matutino,379,8,16,10
1228,1273,1185,2014-10-01,2016-05-30,2015-01-26,Noturno,329,6,41,43
1229,1217,1082,2016-01-28,2015-11-01,2015-12-09,Matutino,94,3,41,42
1230,1170,1184,2016-03-08,2015-10-23,2014-08-04,Noturno,173,8,41,42
1231,1652,1250,2015-05-27,2016-03-25,2015-03-11,Matutino,150,6,13,13
1232,1191,1084,2015-12-12,2015-03-30,2016-04-01,Matutino,364,8,10,5
1233,1337,1227,2014-11-20,2016-01-20,2015-09-30,Vespertino,361,9,22,17
1234,1550,1368,2016-04-29,2016-01-05,2015-11-10,Matutino,269,10,45,29
1235,1421,1181,2015-02-19,2016-02-25,2016-04-28,Matutino,149,5,12,13
1236,1198,1105,2015-03-09,2016-01-13,2016-06-05,Noturno,390,2,19,19
1237,1670,1191,2015-05-25,2015-01-31,2015-02-03,Noturno,156,7,17,12
1238,1770,1149,2016-03-13,2015-03-10,2015-06-25,Matutino,170,1,45,9
1239,1042,1125,2015-01-30,2016-02-21,2014-07-23,Matutino,371,8,42,19
1240,1206,1327,2015-06-06,2016-04-05,2015-07-30,Vespertino,117,5,11,11
1241,1471,1107,2014-10-29,2014-10-30,2016-01-03,Matutino,279,1,25,41
1242,1183,1088,2014-11-25,2014-08-22,2016-03-24,Matutino,164,8,10,18
1243,1480,1314,2015-11-06,2014-09-13,2015-10-21,Matutino,316,9,25,27
1244,1084,1027,2016-04-05,2015-03-14,2014-09-18,Vespertino,381,3,22,10
1245,1016,1337,2014-10-15,2014-10-17,2016-01-26,Noturno,130,8,42,19
1246,1406,1062,2015-02-07,2015-05-14,2015-05-03,Matutino,323,1,18,19
1247,1266,1027,2016-06-04,2015-09-20,2015-07-05,Vespertino,278,2,35,37
1248,1640,1138,2014-11-08,2014-07-15,2015-04-24,Matutino,138,9,23,33
1249,1718,1171,2015-06-07,2016-04-06,2014-08-30,Matutino,186,2,24,8
1250,1389,1211,2015-03-23,2014-11-11,2014-09-27,Matutino,385,6,10,14
1251,1303,1187,2016-06-10,2015-04-01,2016-02-20,Vespertino,382,6,10,13
1252,1768,1228,2015-03-23,2014-10-05,2015-12-07,Matutino,181,2,10,28
1253,1625,1062,2016-04-23,2015-10-13,2015-05-24,Vespertino,396,10,31,40
1254,1732,1336,2015-04-28,2014-09-19,2015-09-25,Matutino,269,8,13,34
1255,1701,1200,2016-06-04,2014-08-01,2015-11-29,Matutino,156,10,43,9
1256,1156,1351,2015-07-13,2016-06-15,2015-04-16,Noturno,112,10,14,12
1257,1431,1084,2014-12-19,2015-04-28,2015-04-20,Noturno,138,3,35,5
1258,1188,1089,2015-04-24,2016-01-26,2014-11-09,Matutino,158,3,27,37
1259,1517,1312,2014-09-04,2015-06-15,2015-04-03,Vespertino,342,4,17,28
1260,1073,1012,2014-11-06,2014-11-07,2016-04-18,Matutino,256,6,30,45
1261,1690,1056,2016-01-09,2015-11-16,2015-10-16,Matutino,110,4,36,20
1262,1229,1029,2016-02-07,2016-05-19,2014-12-01,Matutino,226,4,45,38
1263,1002,1183,2015-09-18,2015-12-09,2015-01-17,Noturno,289,3,34,41
1264,1430,1366,2016-06-21,2015-12-22,2014-09-14,Matutino,318,10,21,17
1265,1581,1292,2014-11-10,2015-06-11,2014-12-25,Vespertino,296,3,16,9
1266,1854,1009,2015-12-03,2014-10-24,2014-07-12,Matutino,372,7,16,22
1267,1481,1212,2015-01-28,2016-02-15,2015-04-15,Noturno,164,3,15,16
1268,1454,1104,2015-07-27,2016-01-31,2016-01-14,Noturno,251,1,26,30
1269,1811,1228,2016-06-22,2015-11-17,2014-07-09,Vespertino,194,1,44,38
1270,1353,1171,2015-03-17,2015-04-23,2015-09-29,Vespertino,136,2,33,22
1271,1160,1165,2015-01-23,2014-12-08,2014-09-08,Noturno,136,10,44,38
1272,1036,1012,2015-11-10,2015-05-30,2016-01-04,Matutino,361,9,14,38
1273,1147,1380,2015-06-17,2015-07-07,2015-03-23,Vespertino,318,2,15,11
1274,1022,1215,2015-07-25,2016-05-31,2015-01-21,Noturno,157,8,30,18
1275,1412,1032,2015-01-12,2016-01-06,2015-11-08,Noturno,156,1,26,44
1276,1618,1189,2014-10-10,2015-07-26,2016-01-04,Vespertino,93,9,18,23
1277,1733,1267,2015-05-28,2015-02-25,2015-03-11,Vespertino,106,6,33,43
1278,1424,1106,2015-03-16,2016-01-01,2015-01-09,Matutino,112,7,23,33
1279,1428,1006,2015-02-27,2016-01-09,2015-06-26,Noturno,164,5,45,9
1280,1111,1228,2015-03-26,2015-05-10,2015-03-11,Vespertino,241,5,29,13
1281,1281,1142,2014-10-25,2015-09-12,2015-09-20,Noturno,344,1,40,23
1282,1753,1161,2015-11-03,2014-08-01,2014-11-26,Matutino,98,10,32,28
1283,1435,1059,2016-01-26,2016-06-29,2015-06-19,Vespertino,385,4,40,29
1284,1303,1202,2016-01-26,2015-08-02,2014-11-22,Vespertino,252,2,23,36
1285,1185,1004,2015-07-25,2015-01-06,2015-08-28,Vespertino,290,9,11,43
1286,1351,1294,2016-01-25,2016-01-24,2016-02-19,Noturno,148,4,21,21
1287,1781,1262,2015-07-28,2016-03-02,2015-02-09,Noturno,208,9,42,39
1288,1491,1045,2016-03-07,2015-12-06,2016-06-01,Vespertino,103,4,32,27
1289,1079,1330,2015-01-13,2015-03-31,2015-10-14,Matutino,326,1,13,39
1290,1352,1133,2015-12-05,2015-12-09,2016-06-13,Matutino,334,1,31,37
1291,1174,1111,2016-03-17,2014-11-24,2015-05-19,Matutino,90,3,23,24
1292,1571,1302,2014-09-11,2015-06-26,2016-06-26,Matutino,301,9,36,21
1293,1024,1165,2016-06-01,2016-02-14,2014-07-27,Noturno,143,1,29,15
1294,1765,1132,2015-03-31,2016-04-13,2015-11-18,Matutino,264,1,35,23
1295,1372,1004,2015-01-28,2015-07-08,2015-09-26,Vespertino,256,1,24,23
1296,1167,1273,2015-06-15,2015-09-18,2015-10-27,Matutino,378,1,10,32
1297,1212,1027,2015-09-25,2015-11-03,2016-02-01,Noturno,223,8,37,27
1298,1124,1226,2016-05-12,2015-11-01,2015-11-01,Vespertino,129,3,41,7
1299,1542,1067,2015-09-21,2015-09-01,2015-04-06,Noturno,281,8,21,41
1300,1076,1221,2016-04-25,2014-07-04,2015-11-02,Matutino,189,6,43,25
1301,1845,1164,2016-02-29,2014-10-17,2015-11-19,Noturno,108,5,36,15
1302,1272,1219,2016-04-18,2014-11-15,2015-05-22,Matutino,260,8,29,35
1303,1766,1367,2015-12-23,2015-10-02,2016-03-27,Matutino,261,8,11,28
1304,1079,1009,2015-08-16,2015-10-01,2016-02-29,Noturno,253,4,23,15
1305,1745,1117,2014-09-14,2014-12-12,2016-01-05,Matutino,362,2,42,25
1306,1542,1201,2015-10-29,2015-10-12,2014-10-23,Vespertino,374,3,19,21
1307,1512,1040,2014-10-02,2015-05-24,2014-07-12,Matutino,364,2,13,32
1308,1857,1247,2015-02-22,2016-01-31,2014-11-22,Matutino,224,4,19,7
1309,1842,1307,2015-12-11,2015-08-21,2014-08-24,Noturno,136,3,36,36
1310,1007,1310,2015-11-24,2015-09-24,2015-07-30,Noturno,331,6,26,21
1311,1196,1378,2016-02-29,2016-02-10,2016-05-05,Matutino,183,2,16,12
1312,1502,1136,2015-11-19,2014-08-10,2014-08-15,Vespertino,372,8,34,19
1313,1738,1270,2015-07-23,2016-05-25,2015-11-30,Noturno,332,2,31,20
1314,1445,1075,2015-10-01,2015-10-28,2014-11-02,Matutino,254,7,15,25
1315,1197,1228,2015-09-27,2014-07-13,2016-02-07,Vespertino,111,9,45,24
1316,1198,1350,2015-08-14,2016-02-11,2015-12-22,Noturno,363,4,11,40
1317,1563,1110,2014-08-23,2015-07-13,2015-04-18,Matutino,161,2,20,41
1318,1214,1335,2015-09-01,2014-08-31,2014-10-07,Vespertino,155,4,15,31
1319,1684,1354,2016-02-25,2015-06-25,2014-11-10,Matutino,312,9,42,21
1320,1480,1330,2015-11-01,2014-11-10,2015-03-29,Matutino,164,2,16,12
1321,1821,1259,2015-01-20,2015-03-28,2014-09-21,Matutino,229,1,42,41
1322,1047,1146,2015-01-22,2015-09-04,2015-06-18,Noturno,149,6,31,15
1323,1695,1146,2016-02-18,2015-10-09,2015-11-17,Matutino,269,1,35,7
1324,1271,1180,2014-09-23,2015-10-14,2015-06-21,Matutino,232,7,33,43
1325,1413,1066,2016-01-03,2014-08-18,2015-06-06,Matutino,169,2,34,41
1326,1232,1156,2015-04-03,2016-03-02,2015-11-19,Vespertino,368,2,17,18
1327,1021,1321,2015-01-18,2015-11-23,2015-04-27,Noturno,201,3,29,9
1328,1715,1138,2015-12-20,2016-04-25,2015-01-03,Noturno,212,8,11,7
1329,1814,1133,2016-05-28,2014-09-25,2014-07-01,Matutino,204,8,40,18
1330,1836,1239,2015-08-18,2015-03-30,2014-11-04,Matutino,376,9,38,21
1331,1335,1195,2016-06-25,2015-09-30,2016-05-26,Matutino,268,1,32,25
1332,1561,1095,2016-04-01,2015-10-30,2016-06-18,Vespertino,158,5,35,23
1333,1718,1123,2014-12-22,2015-03-10,2016-06-02,Matutino,93,5,34,24
1334,1515,1215,2015-06-21,2014-11-07,2016-04-19,Vespertino,250,5,11,17
1335,1009,1278,2015-12-22,2015-10-25,2015-08-01,Noturno,268,2,12,7
1336,1496,1188,2015-09-20,2014-12-04,2014-12-15,Noturno,190,10,37,44
1337,1143,1026,2015-11-12,2015-11-29,2015-02-19,Noturno,345,8,13,23
1338,1796,1274,2014-08-29,2014-09-01,2014-09-02,Vespertino,111,4,43,44
1339,1406,1092,2015-06-22,2015-09-22,2014-11-25,Vespertino,150,2,30,33
1340,1785,1088,2014-08-01,2014-09-02,2015-12-09,Vespertino,237,5,16,22
1341,1593,1332,2014-08-08,2015-11-26,2016-03-19,Vespertino,294,6,10,35
1342,1500,1181,2015-04-08,2015-09-13,2015-01-04,Noturno,163,5,22,31
1343,1665,1063,2016-01-20,2016-03-12,2016-01-03,Matutino,130,4,15,41
1344,1008,1037,2015-06-08,2015-11-27,2015-06-26,Vespertino,115,8,36,18
1345,1814,1207,2014-11-04,2015-09-02,2016-03-28,Vespertino,234,1,12,29
1346,1233,1188,2015-03-29,2016-01-04,2014-08-22,Noturno,314,8,19,36
1347,1531,1023,2015-06-13,2014-09-22,2016-04-10,Vespertino,248,5,12,26
1348,1268,1262,2014-07-01,2015-07-22,2016-03-12,Noturno,250,1,41,5
1349,1547,1175,2014-07-02,2016-04-15,2015-04-09,Noturno,122,1,41,17
1350,1626,1183,2016-06-15,2014-12-25,2016-04-17,Matutino,210,7,33,41
1351,1370,1200,2014-09-21,2015-07-22,2015-08-01,Matutino,119,8,37,33
1352,1700,1263,2014-07-20,2014-11-05,2014-11-08,Vespertino,234,1,34,31
1353,1838,1064,2016-03-30,2015-01-12,2014-09-22,Vespertino,284,7,25,19
1354,1242,1052,2014-09-17,2015-01-05,2016-02-26,Matutino,379,1,33,39
1355,1859,1312,2015-03-20,2014-11-12,2014-09-30,Vespertino,106,10,39,36
1356,1786,1268,2016-01-27,2016-01-21,2015-03-18,Noturno,342,6,21,12
1357,1832,1261,2014-11-14,2015-08-01,2015-11-13,Matutino,217,5,45,35
1358,1312,1106,2016-01-16,2014-12-22,2015-10-08,Matutino,294,5,34,22
1359,1620,1241,2015-01-18,2015-03-13,2015-01-30,Matutino,131,5,27,23
1360,1813,1181,2016-04-04,2015-01-23,2015-02-10,Matutino,361,10,34,23
1361,1774,1226,2015-10-08,2014-07-02,2014-10-29,Matutino,343,9,16,8
1362,1783,1048,2014-09-06,2016-01-19,2016-05-05,Vespertino,288,6,29,31
1363,1290,1098,2016-06-24,2015-06-19,2016-04-23,Noturno,223,8,29,44
1364,1720,1050,2016-05-21,2015-01-23,2014-11-10,Vespertino,285,8,21,43
1365,1434,1286,2016-03-06,2016-02-13,2016-01-29,Matutino,210,7,35,36
1366,1677,1003,2015-10-15,2016-02-22,2015-04-01,Noturno,106,3,28,28
1367,1008,1291,2014-09-20,2014-10-27,2015-07-17,Vespertino,132,5,38,28
1368,1470,1084,2015-03-17,2014-08-21,2014-12-01,Matutino,304,5,10,20
1369,1672,1381,2015-11-14,2014-10-04,2014-11-17,Noturno,185,4,16,11
1370,1686,1088,2015-02-03,2015-04-10,2014-12-11,Vespertino,390,5,10,41
1371,1577,1033,2015-10-09,2015-11-13,2014-11-19,Noturno,258,10,39,44
1372,1144,1137,2016-01-06,2014-08-24,2015-01-15,Matutino,339,2,26,11
1373,1057,1084,2015-04-02,2014-07-25,2014-09-10,Vespertino,398,5,26,41
1374,1425,1222,2016-06-21,2015-01-10,2015-04-08,Matutino,213,9,41,25
1375,1445,1058,2015-08-24,2015-06-25,2015-05-12,Vespertino,330,2,34,40
1376,1548,1263,2015-01-14,2014-12-16,2015-06-19,Matutino,306,8,39,17
1377,1244,1003,2015-07-12,2015-07-25,2016-05-04,Vespertino,228,5,32,25
1378,1041,1001,2015-09-09,2015-01-22,2014-09-01,Matutino,332,3,23,7
1379,1012,1295,2014-07-31,2015-05-15,2014-11-06,Matutino,367,3,44,27
1380,1326,1085,2015-07-22,2014-11-02,2016-03-12,Vespertino,251,6,44,30
1381,1084,1276,2015-02-24,2016-01-09,2015-08-26,Noturno,234,7,15,36
1382,1048,1174,2015-11-28,2015-02-11,2016-04-07,Noturno,254,7,21,8
1383,1568,1370,2015-03-20,2015-01-30,2016-03-21,Noturno,118,6,26,7
1384,1586,1047,2014-11-30,2015-12-20,2014-07-04,Matutino,308,8,35,13
1385,1170,1333,2015-01-13,2016-05-20,2015-01-12,Vespertino,400,4,38,45
1386,1642,1136,2015-09-13,2015-07-20,2014-12-26,Matutino,102,2,39,35
1387,1082,1122,2016-04-05,2016-06-06,2016-02-14,Noturno,99,10,34,45
1388,1464,1038,2014-11-08,2015-07-31,2014-12-30,Matutino,204,9,38,6
1389,1659,1017,2016-03-09,2015-06-15,2014-12-17,Matutino,97,3,15,30
1390,1351,1294,2015-02-12,2015-01-08,2015-02-04,Noturno,242,1,31,43
1391,1411,1003,2014-07-05,2016-01-09,2014-08-18,Matutino,149,5,35,21
1392,1410,1330,2015-09-29,2016-05-14,2015-01-30,Noturno,131,1,33,27
1393,1234,1087,2014-09-30,2016-03-06,2015-12-30,Noturno,310,2,30,33
1394,1653,1373,2014-12-15,2015-11-18,2016-06-13,Vespertino,281,10,17,28
1395,1618,1312,2014-08-11,2016-03-17,2015-11-30,Vespertino,216,9,19,23
1396,1303,1250,2015-09-03,2016-02-08,2016-03-14,Vespertino,144,9,11,10
1397,1741,1231,2015-02-22,2015-12-09,2015-02-09,Vespertino,340,5,14,37
1398,1859,1027,2016-04-21,2015-09-28,2014-10-08,Vespertino,121,1,16,21
1399,1074,1151,2015-01-15,2015-01-25,2015-01-20,Noturno,131,2,40,31
1400,1615,1058,2016-03-31,2015-08-02,2015-08-21,Vespertino,371,3,42,25
1401,1634,1365,2014-07-07,2014-10-15,2015-07-20,Matutino,172,5,11,42
1402,1040,1342,2015-03-12,2015-08-23,2014-09-13,Vespertino,302,9,21,10
1403,1832,1137,2014-08-29,2014-08-21,2016-04-09,Noturno,388,7,42,9
1404,1434,1199,2015-03-04,2015-10-13,2015-06-30,Matutino,151,4,16,38
1405,1257,1152,2015-10-23,2014-09-04,2015-03-13,Vespertino,161,5,20,35
1406,1864,1097,2015-04-08,2016-04-03,2014-12-27,Noturno,142,7,43,31
1407,1134,1242,2015-10-04,2015-11-30,2016-04-28,Matutino,309,5,36,29
1408,1185,1050,2015-11-02,2016-03-17,2015-11-28,Vespertino,292,6,20,12
1409,1090,1114,2015-03-02,2015-11-06,2015-11-22,Noturno,164,4,21,32
1410,1515,1334,2015-04-03,2015-12-02,2015-03-02,Vespertino,168,7,20,32
1411,1264,1023,2014-11-17,2016-05-24,2014-11-01,Vespertino,113,4,43,27
1412,1047,1047,2015-05-29,2015-02-07,2015-12-30,Matutino,181,6,13,16
1413,1074,1021,2015-11-16,2015-03-12,2015-02-18,Noturno,170,4,39,38
1414,1652,1375,2016-06-15,2015-10-12,2015-05-11,Matutino,352,6,16,37
1415,1782,1152,2016-05-31,2015-08-22,2015-07-25,Matutino,353,1,10,22
1416,1856,1241,2015-07-20,2015-11-01,2014-11-04,Matutino,380,3,11,22
1417,1831,1087,2015-03-27,2015-06-29,2015-03-24,Matutino,317,6,40,13
1418,1701,1350,2015-06-29,2016-05-27,2015-02-21,Matutino,309,4,14,10
1419,1719,1200,2016-06-16,2016-04-29,2015-04-29,Matutino,118,7,42,13
1420,1629,1048,2016-03-25,2015-04-07,2016-03-27,Matutino,132,6,24,34
1421,1781,1330,2015-12-17,2016-05-25,2015-05-27,Vespertino,289,4,13,15
1422,1389,1088,2015-04-20,2016-03-07,2015-04-16,Matutino,232,9,34,41
1423,1180,1052,2015-02-24,2016-05-17,2015-03-11,Matutino,192,9,11,32
1424,1094,1311,2015-10-22,2015-04-04,2016-03-06,Vespertino,293,10,44,35
1425,1149,1365,2015-12-14,2015-12-02,2015-07-08,Vespertino,259,5,29,38
1426,1119,1069,2014-08-29,2014-09-23,2015-09-13,Vespertino,163,7,20,33
1427,1499,1159,2016-03-06,2016-04-08,2015-03-03,Matutino,355,2,13,36
1428,1551,1093,2016-03-05,2015-05-09,2016-03-17,Noturno,295,2,30,40
1429,1574,1270,2014-08-20,2016-04-06,2014-11-01,Matutino,103,6,29,25
1430,1729,1248,2015-06-22,2014-12-12,2016-01-23,Matutino,209,9,43,15
1431,1056,1155,2016-02-25,2015-05-08,2016-03-28,Noturno,143,9,17,41
1432,1333,1154,2014-08-06,2015-04-18,2014-10-11,Vespertino,227,2,11,6
1433,1359,1231,2014-07-05,2015-05-19,2014-11-10,Noturno,323,5,44,43
1434,1778,1100,2015-08-09,2016-04-09,2015-07-04,Noturno,334,6,43,17
1435,1370,1322,2015-09-01,2015-06-18,2014-10-28,Noturno,256,7,12,18
1436,1781,1231,2015-01-07,2014-11-11,2016-05-12,Matutino,226,3,28,42
1437,1430,1309,2015-10-26,2016-02-08,2015-03-31,Noturno,351,6,16,36
1438,1027,1118,2014-11-17,2015-05-04,2014-10-23,Noturno,131,5,26,37
1439,1702,1281,2015-10-09,2015-09-30,2015-12-23,Noturno,351,7,26,33
1440,1636,1182,2015-11-04,2015-09-08,2015-12-07,Vespertino,153,3,24,16
1441,1364,1056,2014-09-19,2015-08-09,2015-06-30,Matutino,117,2,40,27
1442,1749,1373,2015-06-20,2014-09-22,2014-12-15,Vespertino,114,2,15,39
1443,1295,1256,2015-04-13,2014-08-29,2015-04-23,Matutino,202,1,24,33
1444,1536,1071,2016-02-01,2016-03-26,2014-10-15,Vespertino,336,1,40,24
1445,1857,1212,2015-04-15,2015-11-11,2016-06-08,Matutino,329,8,31,7
1446,1511,1265,2015-12-25,2015-05-01,2015-08-02,Noturno,347,10,20,9
1447,1780,1325,2015-01-09,2016-04-09,2016-05-31,Vespertino,216,2,44,41
1448,1587,1219,2015-11-11,2016-05-05,2016-02-20,Noturno,194,1,28,34
1449,1575,1215,2016-05-26,2015-07-29,2015-04-30,Noturno,225,9,41,29
1450,1332,1008,2016-04-09,2014-11-02,2014-08-06,Matutino,351,10,12,11
1451,1179,1109,2015-04-16,2015-03-03,2016-06-16,Vespertino,320,7,39,42
1452,1476,1054,2014-12-19,2014-12-19,2015-12-09,Matutino,225,7,10,7
1453,1316,1212,2015-09-02,2015-08-26,2016-04-01,Vespertino,138,4,41,36
1454,1646,1026,2016-03-12,2014-11-15,2014-10-31,Vespertino,393,7,43,12
1455,1734,1323,2014-08-14,2015-11-21,2015-10-18,Matutino,387,1,28,34
1456,1683,1097,2016-04-09,2015-11-08,2015-10-30,Vespertino,252,1,24,27
1457,1039,1198,2015-12-18,2014-10-15,2015-04-01,Vespertino,124,9,31,40
1458,1812,1109,2016-06-12,2014-08-30,2014-11-01,Matutino,220,3,35,11
1459,1196,1046,2015-06-12,2015-03-17,2014-12-06,Noturno,164,9,12,41
1460,1182,1024,2015-07-13,2014-08-28,2015-01-05,Noturno,393,6,26,44
1461,1372,1035,2016-05-08,2015-08-23,2014-07-11,Noturno,333,6,33,19
1462,1081,1293,2014-07-28,2016-02-16,2016-01-05,Matutino,128,2,42,31
1463,1582,1114,2015-10-31,2016-02-19,2014-08-19,Matutino,193,10,38,25
1464,1312,1215,2014-07-06,2016-02-19,2014-08-11,Noturno,223,8,19,20
1465,1303,1198,2016-06-10,2015-03-23,2015-05-09,Vespertino,164,9,14,40
1466,1855,1214,2015-11-07,2014-11-06,2015-06-11,Matutino,376,2,25,20
1467,1851,1349,2015-08-28,2016-03-09,2016-03-06,Noturno,381,3,30,16
1468,1744,1311,2016-05-28,2014-07-05,2014-09-02,Noturno,198,1,28,15
1469,1047,1262,2014-09-22,2014-09-14,2015-09-05,Vespertino,298,9,25,26
1470,1104,1093,2015-09-29,2015-04-27,2015-07-07,Matutino,336,2,12,16
1471,1713,1065,2015-12-09,2014-09-29,2015-12-31,Matutino,168,1,26,6
1472,1073,1265,2016-04-02,2016-02-27,2015-07-08,Vespertino,200,10,43,25
1473,1848,1110,2015-05-26,2015-10-11,2015-11-02,Noturno,340,10,20,40
1474,1476,1120,2016-01-27,2016-05-19,2015-08-18,Matutino,273,7,19,39
1475,1533,1193,2016-04-12,2016-03-24,2015-08-10,Noturno,112,2,43,38
1476,1568,1209,2015-07-25,2015-08-20,2016-06-20,Noturno,306,9,28,19
1477,1145,1246,2014-12-15,2015-01-14,2016-01-25,Noturno,120,1,42,34
1478,1546,1316,2014-12-19,2014-11-25,2015-11-26,Matutino,131,4,30,30
1479,1163,1017,2015-05-10,2015-03-09,2015-10-24,Matutino,237,8,10,42
1480,1739,1051,2014-09-07,2014-08-25,2016-04-23,Noturno,206,7,22,44
1481,1815,1237,2016-04-05,2014-11-07,2014-08-05,Vespertino,310,6,21,25
1482,1352,1361,2016-05-11,2015-04-23,2014-08-22,Vespertino,230,5,45,34
1483,1466,1324,2016-01-31,2015-04-10,2016-02-08,Noturno,265,6,18,15
1484,1741,1130,2015-04-17,2015-01-19,2014-07-25,Vespertino,386,9,23,10
1485,1611,1187,2015-12-27,2016-01-05,2015-06-21,Matutino,234,1,14,38
1486,1655,1115,2016-04-10,2015-10-30,2015-04-28,Noturno,108,4,28,33
1487,1851,1001,2015-09-10,2015-12-06,2015-04-09,Noturno,209,8,42,21
1488,1169,1053,2015-10-09,2016-02-16,2015-11-30,Matutino,211,7,23,40
1489,1004,1073,2015-09-09,2016-04-23,2015-06-01,Matutino,305,4,16,23
1490,1274,1292,2015-12-02,2015-08-31,2015-04-08,Matutino,240,10,32,25
1491,1775,1177,2015-06-26,2014-11-15,2016-01-16,Matutino,297,8,36,33
1492,1461,1168,2014-08-22,2016-03-02,2016-02-15,Matutino,300,4,42,13
1493,1121,1302,2015-12-03,2015-10-18,2015-03-26,Matutino,199,4,34,7
1494,1556,1160,2014-10-12,2014-09-25,2016-06-23,Vespertino,388,3,38,26
1495,1698,1132,2015-01-06,2015-06-19,2016-02-13,Matutino,259,9,11,45
1496,1090,1095,2016-03-10,2014-09-21,2016-01-27,Noturno,214,1,22,34
1497,1499,1256,2015-03-14,2016-04-06,2015-02-07,Vespertino,316,10,42,10
1498,1332,1117,2014-07-24,2016-01-17,2015-08-21,Vespertino,181,8,22,44
1499,1095,1362,2014-07-31,2014-09-21,2014-09-20,Matutino,337,10,42,35
1500,1224,1289,2016-02-28,2015-03-20,2014-09-12,Matutino,228,3,37,21
1501,1218,1278,2015-09-06,2015-08-22,2015-03-08,Matutino,114,10,10,22
1502,1326,1381,2014-11-16,2015-03-03,2016-05-10,Matutino,326,7,44,15
1503,1647,1065,2016-04-10,2014-10-19,2016-06-28,Vespertino,311,8,35,17
1504,1162,1086,2015-01-07,2015-08-27,2016-05-18,Matutino,269,9,35,44
1505,1084,1277,2015-03-14,2015-10-28,2015-08-22,Vespertino,263,9,19,34
1506,1741,1101,2015-05-04,2014-08-25,2016-03-20,Vespertino,263,5,18,41
1507,1471,1136,2015-02-07,2016-03-23,2014-10-10,Vespertino,223,9,27,42
1508,1406,1005,2015-02-05,2014-09-23,2014-11-24,Matutino,339,3,36,43
1509,1737,1241,2015-01-23,2015-12-12,2015-02-11,Noturno,118,9,16,25
1510,1093,1222,2015-06-01,2015-04-25,2016-04-02,Matutino,398,1,44,21
1511,1633,1243,2014-09-10,2015-06-17,2016-06-19,Matutino,330,8,39,28
1512,1454,1344,2014-10-18,2015-04-17,2014-11-20,Noturno,145,4,20,30
1513,1829,1198,2015-07-24,2015-09-02,2016-05-25,Vespertino,179,8,21,40
1514,1538,1296,2016-05-04,2016-04-03,2016-06-09,Noturno,277,10,31,24
1515,1741,1186,2014-08-23,2015-01-24,2015-04-27,Vespertino,226,10,26,32
1516,1259,1101,2015-10-16,2015-02-15,2015-12-14,Noturno,307,5,26,37
1517,1325,1121,2016-02-10,2015-10-31,2016-02-17,Matutino,113,10,42,28
1518,1323,1253,2015-10-08,2015-10-04,2015-08-07,Noturno,339,1,31,30
1519,1531,1350,2015-05-27,2015-04-18,2016-02-14,Vespertino,119,4,13,36
1520,1083,1203,2015-09-26,2016-03-11,2015-09-16,Vespertino,142,7,22,5
1521,1395,1089,2015-02-05,2016-04-30,2015-04-09,Vespertino,207,8,31,26
1522,1765,1043,2015-06-26,2014-08-19,2015-03-30,Matutino,286,1,38,37
1523,1518,1287,2015-12-06,2014-11-01,2015-09-26,Noturno,394,6,11,20
1524,1851,1346,2015-05-12,2015-05-25,2015-10-18,Matutino,225,9,20,32
1525,1553,1146,2015-02-16,2016-04-01,2015-10-29,Vespertino,375,1,14,16
1526,1339,1317,2016-01-22,2014-10-05,2015-12-09,Noturno,318,9,26,37
1527,1837,1093,2014-11-30,2014-08-31,2014-08-06,Noturno,126,2,45,33
1528,1790,1304,2015-02-20,2015-10-14,2014-08-10,Noturno,292,1,34,7
1529,1511,1147,2015-07-17,2015-02-26,2016-03-31,Noturno,346,3,22,30
1530,1374,1206,2014-07-11,2014-12-18,2015-04-29,Vespertino,264,2,21,13
1531,1301,1024,2015-01-16,2015-11-04,2015-04-07,Noturno,209,10,24,19
1532,1643,1288,2015-06-28,2016-04-18,2015-06-01,Noturno,310,9,18,13
1533,1554,1310,2016-01-18,2016-04-17,2015-01-22,Matutino,132,8,21,13
1534,1064,1292,2014-09-08,2015-12-28,2015-01-25,Vespertino,204,4,30,36
1535,1338,1348,2015-02-28,2014-07-17,2015-09-07,Vespertino,192,4,43,44
1536,1486,1299,2014-08-20,2015-08-02,2015-04-06,Noturno,338,9,32,26
1537,1058,1217,2015-07-07,2015-01-04,2015-08-30,Noturno,330,7,30,11
1538,1562,1128,2016-03-25,2015-06-08,2015-04-20,Matutino,272,8,28,36
1539,1089,1253,2014-08-18,2016-05-18,2015-05-14,Vespertino,98,5,34,35
1540,1118,1233,2014-11-28,2015-11-24,2015-06-13,Vespertino,281,7,41,40
1541,1858,1056,2015-12-16,2016-04-30,2014-08-02,Noturno,92,6,42,26
1542,1807,1267,2016-01-14,2015-12-02,2014-07-16,Matutino,303,2,13,33
1543,1423,1033,2016-06-10,2015-04-03,2016-05-30,Noturno,96,8,26,20
1544,1862,1049,2016-04-15,2016-06-15,2014-09-08,Vespertino,220,2,39,28
1545,1719,1150,2015-12-16,2015-07-19,2014-10-14,Vespertino,236,2,37,30
1546,1482,1299,2016-04-27,2014-11-03,2016-01-26,Matutino,123,5,41,30
1547,1261,1131,2015-12-06,2015-02-18,2014-12-29,Noturno,192,6,19,6
1548,1773,1052,2014-09-07,2015-10-16,2015-01-17,Matutino,168,2,17,19
1549,1637,1069,2015-03-11,2015-08-10,2015-04-01,Noturno,99,10,16,24
1550,1233,1100,2015-06-15,2016-03-27,2015-11-21,Matutino,374,9,15,26
1551,1841,1064,2015-12-03,2015-07-31,2014-08-01,Noturno,264,8,11,13
1552,1770,1308,2015-01-08,2015-02-06,2016-06-24,Matutino,207,1,24,13
1553,1743,1155,2015-10-31,2016-03-14,2014-12-24,Matutino,255,6,45,15
1554,1149,1141,2016-01-01,2014-11-13,2015-12-17,Noturno,209,6,29,12
1555,1152,1032,2015-06-09,2016-02-26,2015-03-02,Vespertino,161,9,43,16
1556,1467,1368,2015-07-15,2015-10-02,2014-12-29,Matutino,318,10,14,27
1557,1441,1145,2015-05-18,2015-02-01,2015-06-02,Vespertino,312,2,31,43
1558,1106,1064,2016-04-04,2015-01-05,2015-03-21,Matutino,245,5,35,24
1559,1284,1077,2015-09-13,2015-07-03,2015-10-17,Noturno,350,8,43,13
1560,1754,1111,2015-04-09,2015-01-31,2015-01-27,Vespertino,138,4,12,16
1561,1019,1367,2014-08-22,2016-05-07,2015-11-15,Matutino,391,10,33,13
1562,1046,1080,2016-06-29,2016-02-07,2015-06-07,Matutino,251,4,12,44
1563,1157,1018,2016-01-16,2014-09-04,2016-03-04,Noturno,91,4,18,5
1564,1593,1096,2014-09-20,2015-08-09,2015-09-11,Matutino,184,8,28,42
1565,1038,1270,2016-06-12,2014-11-28,2015-08-16,Matutino,351,1,10,30
1566,1683,1113,2015-11-02,2015-11-17,2014-07-14,Matutino,97,5,23,43
1567,1367,1146,2014-07-12,2015-03-01,2014-12-22,Matutino,210,8,14,11
1568,1417,1007,2015-11-29,2015-02-24,2015-04-24,Matutino,248,8,43,45
1569,1824,1129,2014-09-27,2015-06-01,2014-12-26,Matutino,242,10,13,37
1570,1407,1110,2015-12-24,2015-01-25,2015-06-28,Noturno,355,8,29,12
1571,1108,1121,2016-03-17,2014-09-21,2015-06-14,Noturno,288,2,17,12
1572,1187,1325,2014-11-17,2015-10-03,2015-12-22,Matutino,313,8,42,28
1573,1725,1017,2015-04-16,2016-04-10,2015-11-29,Noturno,385,6,28,27
1574,1262,1073,2014-11-06,2014-09-07,2014-12-30,Matutino,206,4,15,41
1575,1169,1314,2016-06-22,2015-12-13,2016-03-23,Matutino,386,6,18,5
1576,1151,1153,2015-10-22,2014-07-25,2015-03-20,Noturno,352,8,20,25
1577,1298,1006,2015-12-02,2015-08-13,2016-02-29,Noturno,156,7,33,32
1578,1338,1128,2016-01-06,2015-05-03,2016-04-01,Matutino,245,3,35,9
1579,1727,1151,2015-11-14,2015-06-21,2015-10-20,Noturno,252,5,20,16
1580,1045,1243,2014-08-13,2015-01-03,2015-09-19,Matutino,380,6,43,25
1581,1665,1274,2016-05-21,2015-06-03,2015-08-10,Vespertino,395,1,16,21
1582,1035,1186,2016-02-29,2015-01-28,2015-03-08,Matutino,267,7,30,32
1583,1290,1318,2015-08-26,2016-04-01,2015-06-27,Vespertino,148,7,25,29
1584,1778,1224,2014-12-10,2015-11-24,2014-11-05,Matutino,325,7,28,45
1585,1508,1179,2015-08-28,2015-05-18,2015-02-25,Noturno,266,8,27,39
1586,1380,1346,2014-10-23,2015-01-04,2016-03-06,Vespertino,108,7,21,28
1587,1689,1095,2016-04-10,2016-02-02,2016-02-27,Vespertino,193,5,31,21
1588,1269,1221,2014-12-29,2015-07-20,2015-01-05,Vespertino,149,8,37,29
1589,1504,1184,2016-02-23,2015-12-01,2016-01-19,Matutino,135,10,25,45
1590,1006,1112,2015-06-23,2016-01-25,2015-06-09,Vespertino,393,7,10,15
1591,1059,1179,2016-02-18,2014-12-05,2015-09-20,Matutino,190,5,45,12
1592,1798,1322,2014-07-12,2016-01-29,2015-02-01,Matutino,155,4,42,35
1593,1646,1161,2014-12-05,2015-01-11,2015-03-03,Vespertino,210,3,21,32
1594,1724,1029,2014-07-13,2014-12-04,2014-10-13,Matutino,368,1,23,39
1595,1530,1358,2015-09-09,2015-06-24,2014-07-10,Matutino,387,6,38,17
1596,1083,1372,2015-08-30,2015-03-12,2014-07-18,Vespertino,167,6,44,41
1597,1355,1250,2015-05-30,2015-02-21,2015-10-10,Matutino,283,8,34,9
1598,1043,1112,2016-03-29,2015-11-28,2016-06-24,Matutino,312,4,23,8
1599,1120,1254,2016-03-10,2016-04-23,2014-07-20,Vespertino,350,5,15,11
1600,1282,1136,2015-01-27,2015-12-06,2015-08-18,Noturno,399,1,39,43
1601,1437,1136,2015-12-09,2015-04-03,2016-03-12,Vespertino,129,5,29,34
1602,1565,1200,2014-07-07,2015-05-03,2016-06-24,Matutino,332,8,13,8
1603,1478,1369,2015-10-09,2014-08-08,2015-03-21,Matutino,370,3,29,32
1604,1742,1124,2014-11-23,2016-05-07,2015-08-09,Noturno,195,4,19,15
1605,1715,1350,2016-05-11,2016-01-15,2015-10-28,Noturno,346,2,13,11
1606,1059,1119,2016-06-28,2015-12-08,2014-11-22,Noturno,148,8,28,28
1607,1034,1312,2016-05-26,2014-07-21,2015-10-14,Matutino,213,5,42,13
1608,1342,1325,2014-11-17,2016-01-25,2016-03-19,Vespertino,100,1,11,36
1609,1321,1170,2016-02-29,2016-06-09,2016-01-04,Matutino,342,4,24,19
1610,1820,1225,2016-06-12,2015-06-29,2015-10-16,Vespertino,139,3,19,41
1611,1056,1121,2015-08-19,2015-02-24,2015-04-18,Noturno,133,3,31,44
1612,1079,1063,2016-05-16,2016-05-10,2015-04-13,Matutino,339,6,35,35
1613,1315,1107,2015-03-15,2015-12-30,2015-07-23,Vespertino,176,6,39,16
1614,1381,1242,2015-05-27,2016-02-26,2016-05-17,Vespertino,396,6,32,6
1615,1641,1269,2015-12-19,2015-04-11,2014-10-25,Vespertino,159,5,20,25
1616,1708,1350,2016-05-29,2014-10-17,2015-01-01,Noturno,155,5,43,8
1617,1696,1141,2015-02-09,2015-01-27,2015-03-29,Matutino,239,1,33,34
1618,1777,1204,2015-11-19,2015-12-17,2014-10-18,Matutino,334,7,28,17
1619,1157,1152,2015-11-30,2016-05-03,2015-02-09,Noturno,207,6,17,32
1620,1385,1266,2014-08-18,2015-12-06,2014-08-23,Matutino,90,6,44,16
1621,1814,1219,2016-02-26,2015-01-17,2015-08-10,Matutino,280,4,42,40
1622,1521,1344,2015-09-05,2016-01-06,2014-08-09,Matutino,355,7,12,12
1623,1090,1009,2015-12-09,2014-09-13,2015-01-19,Vespertino,214,8,13,40
1624,1602,1338,2015-04-11,2016-02-23,2015-11-27,Matutino,346,3,15,21
1625,1597,1015,2015-03-17,2016-01-05,2015-03-02,Vespertino,204,1,19,18
1626,1491,1297,2015-01-31,2015-10-06,2014-07-25,Vespertino,121,6,16,37
1627,1341,1358,2016-05-26,2016-04-05,2014-11-16,Vespertino,121,7,35,7
1628,1640,1256,2014-10-01,2016-04-15,2015-10-29,Vespertino,139,1,20,22
1629,1663,1351,2015-08-05,2015-01-12,2016-04-10,Matutino,228,2,23,29
1630,1230,1257,2016-03-05,2014-12-08,2016-03-16,Matutino,207,4,27,12
1631,1290,1181,2014-10-11,2015-04-03,2015-01-11,Noturno,290,9,40,12
1632,1798,1216,2016-03-23,2015-10-11,2015-11-13,Matutino,387,8,41,36
1633,1020,1114,2015-05-20,2014-09-19,2015-05-06,Matutino,385,6,29,8
1634,1646,1310,2016-06-02,2015-03-19,2014-08-31,Noturno,367,2,10,13
1635,1664,1289,2016-02-11,2014-12-07,2015-03-07,Vespertino,128,10,15,23
1636,1794,1076,2016-01-22,2016-06-25,2015-01-31,Matutino,126,3,17,42
1637,1285,1036,2015-06-26,2015-06-03,2015-02-17,Noturno,298,7,31,8
1638,1490,1034,2016-06-09,2015-09-01,2016-06-23,Noturno,340,1,11,34
1639,1625,1096,2015-08-08,2014-09-09,2014-10-09,Matutino,359,4,25,28
1640,1354,1364,2015-04-30,2015-06-04,2015-11-06,Matutino,241,10,33,7
1641,1576,1306,2015-04-22,2015-10-11,2016-01-02,Noturno,346,3,25,42
1642,1036,1307,2015-10-01,2016-03-12,2014-11-08,Vespertino,234,6,45,17
1643,1589,1280,2015-06-07,2014-11-11,2015-03-13,Vespertino,376,5,39,13
1644,1015,1076,2015-03-15,2015-10-25,2014-09-16,Matutino,277,10,15,38
1645,1432,1342,2015-03-18,2016-03-21,2016-06-16,Noturno,354,3,30,22
1646,1580,1103,2015-04-29,2016-04-09,2016-04-15,Noturno,394,9,16,7
1647,1153,1354,2016-02-25,2015-03-25,2015-01-21,Vespertino,299,4,26,22
1648,1765,1063,2016-01-02,2015-01-18,2014-08-03,Vespertino,386,3,45,8
1649,1739,1070,2016-02-05,2014-09-06,2016-04-12,Noturno,197,8,18,19
1650,1582,1143,2015-04-29,2015-11-18,2015-06-06,Noturno,143,10,36,7
1651,1074,1116,2014-10-28,2016-02-16,2016-04-02,Vespertino,270,9,10,38
1652,1770,1097,2014-10-18,2015-06-15,2014-07-04,Vespertino,305,7,11,22
1653,1539,1133,2014-12-11,2015-07-01,2016-02-23,Noturno,339,10,35,37
1654,1445,1010,2015-07-25,2016-02-02,2014-08-13,Noturno,332,3,18,31
1655,1516,1074,2016-01-02,2015-07-12,2016-06-19,Vespertino,339,10,40,40
1656,1252,1333,2016-01-26,2014-07-10,2014-10-19,Noturno,240,7,26,27
1657,1775,1177,2016-03-01,2015-05-17,2015-07-25,Vespertino,156,8,11,17
1658,1803,1223,2015-02-22,2015-04-27,2015-01-09,Matutino,276,6,33,23
1659,1448,1166,2014-08-27,2015-05-24,2015-02-16,Matutino,355,10,41,7
1660,1793,1032,2015-09-19,2015-12-13,2015-06-24,Matutino,128,8,43,12
1661,1632,1183,2015-12-27,2014-09-28,2015-04-06,Matutino,256,2,22,13
1662,1562,1123,2016-05-16,2014-11-23,2015-04-12,Vespertino,229,7,23,19
1663,1736,1293,2014-07-22,2014-12-26,2015-03-21,Noturno,149,9,45,25
1664,1334,1021,2016-05-04,2014-07-20,2014-08-22,Vespertino,134,7,23,23
1665,1333,1208,2014-11-11,2015-04-16,2015-04-03,Noturno,346,8,30,29
1666,1505,1011,2015-10-05,2014-10-13,2016-04-28,Noturno,245,4,21,45
1667,1684,1264,2015-03-15,2016-01-06,2014-08-16,Noturno,116,8,36,21
1668,1836,1239,2014-10-02,2015-02-02,2016-02-24,Vespertino,365,3,25,37
1669,1829,1252,2015-06-16,2015-11-15,2014-07-14,Matutino,193,6,11,28
1670,1273,1115,2015-05-09,2015-02-10,2016-01-02,Noturno,363,7,34,18
1671,1468,1181,2015-02-28,2015-01-29,2015-06-24,Vespertino,231,4,21,26
1672,1285,1351,2015-12-22,2015-01-07,2014-12-07,Matutino,115,10,15,34
1673,1073,1038,2015-05-13,2016-06-03,2014-07-11,Noturno,240,6,32,45
1674,1254,1012,2015-06-18,2015-01-28,2015-02-17,Matutino,107,2,41,14
1675,1327,1124,2015-12-20,2016-06-02,2014-09-16,Vespertino,250,8,35,21
1676,1215,1018,2016-03-30,2016-05-13,2016-05-01,Matutino,191,3,33,23
1677,1083,1156,2015-08-26,2014-09-22,2016-04-10,Vespertino,274,3,34,7
1678,1341,1154,2015-09-07,2015-12-10,2015-07-23,Matutino,323,2,41,37
1679,1383,1101,2015-12-14,2015-07-25,2014-08-28,Noturno,335,7,33,15
1680,1473,1313,2016-02-08,2014-09-15,2014-11-12,Noturno,377,6,38,31
1681,1275,1258,2015-01-10,2015-11-30,2015-07-12,Vespertino,161,4,33,22
1682,1554,1284,2014-11-19,2015-12-01,2015-08-22,Vespertino,150,1,33,15
1683,1440,1371,2015-11-24,2016-04-02,2016-03-01,Vespertino,113,5,34,9
1684,1403,1143,2015-07-10,2014-09-18,2014-08-04,Noturno,173,8,39,23
1685,1037,1319,2016-03-01,2014-12-28,2015-11-21,Matutino,147,5,27,17
1686,1586,1137,2015-04-07,2015-07-30,2016-03-06,Noturno,140,7,23,5
1687,1261,1201,2015-04-26,2015-09-19,2014-10-05,Matutino,224,6,35,32
1688,1336,1156,2015-01-05,2016-06-14,2015-11-07,Vespertino,302,8,15,19
1689,1586,1046,2015-03-12,2016-01-31,2016-04-23,Vespertino,167,3,25,39
1690,1460,1106,2015-05-07,2015-12-06,2014-09-23,Vespertino,345,5,31,27
1691,1153,1154,2015-05-05,2015-10-02,2014-08-15,Noturno,223,8,12,45
1692,1516,1071,2014-09-10,2014-09-18,2014-08-09,Vespertino,92,1,32,38
1693,1509,1036,2015-02-16,2015-03-03,2015-02-06,Matutino,386,1,11,35
1694,1399,1049,2016-05-20,2016-01-23,2016-05-28,Vespertino,191,4,28,36
1695,1238,1376,2015-06-22,2016-04-25,2015-11-09,Noturno,149,1,30,14
1696,1547,1055,2014-12-15,2015-08-19,2015-09-24,Vespertino,267,5,22,7
1697,1830,1262,2014-12-06,2016-03-20,2015-11-25,Matutino,220,6,41,8
1698,1154,1067,2015-08-11,2015-10-31,2015-10-13,Vespertino,247,3,30,10
1699,1694,1051,2016-03-20,2014-07-14,2014-07-16,Vespertino,119,3,22,39
1700,1476,1326,2015-04-15,2015-05-24,2015-10-01,Matutino,279,2,24,44
1701,1851,1096,2014-08-22,2015-05-05,2015-12-05,Matutino,185,2,36,22
1702,1240,1228,2014-07-04,2016-06-20,2015-11-20,Matutino,303,10,22,42
1703,1252,1360,2016-04-10,2015-07-06,2014-12-13,Matutino,221,9,22,11
1704,1471,1319,2014-10-20,2016-05-07,2015-04-07,Noturno,290,9,23,17
1705,1283,1339,2016-06-17,2015-12-06,2014-07-08,Vespertino,264,5,38,43
1706,1846,1205,2015-04-09,2015-12-09,2015-06-03,Vespertino,110,8,29,44
1707,1555,1115,2015-11-19,2014-07-03,2015-03-22,Vespertino,386,8,32,17
1708,1084,1321,2015-04-02,2015-04-29,2016-01-31,Matutino,100,4,37,17
1709,1013,1154,2015-03-25,2015-08-29,2015-02-05,Matutino,338,9,38,16
1710,1602,1337,2015-06-19,2015-03-22,2015-07-03,Noturno,237,6,15,7
1711,1386,1354,2015-12-20,2015-01-11,2014-12-22,Vespertino,204,3,27,27
1712,1630,1374,2014-07-29,2016-06-10,2014-11-26,Matutino,238,7,28,29
1713,1654,1366,2014-07-29,2015-05-23,2014-07-27,Vespertino,387,4,30,10
1714,1224,1260,2014-11-24,2014-09-26,2015-03-24,Vespertino,176,4,15,37
1715,1521,1148,2016-01-05,2014-09-16,2014-07-14,Vespertino,336,4,16,8
1716,1351,1364,2014-11-08,2016-06-14,2016-06-02,Matutino,326,6,29,25
1717,1376,1134,2015-11-29,2015-05-17,2016-01-06,Vespertino,333,7,17,19
1718,1538,1115,2014-09-30,2015-04-09,2016-03-23,Matutino,311,8,43,15
1719,1619,1228,2015-07-28,2015-10-26,2014-09-03,Matutino,177,2,32,17
1720,1553,1335,2015-09-12,2014-09-14,2015-11-13,Matutino,297,3,33,19
1721,1293,1150,2015-03-16,2016-06-13,2016-04-20,Noturno,199,7,38,32
1722,1426,1288,2014-10-02,2014-12-07,2014-10-30,Matutino,248,3,32,14
1723,1049,1280,2014-08-02,2015-04-15,2015-06-09,Matutino,306,2,36,5
1724,1665,1110,2015-04-05,2016-03-25,2015-07-13,Matutino,286,3,12,16
1725,1705,1097,2016-01-31,2016-05-25,2015-10-04,Noturno,337,8,33,24
1726,1746,1347,2015-11-17,2015-11-17,2016-01-25,Matutino,260,7,26,5
1727,1849,1033,2016-06-27,2015-07-07,2014-08-17,Noturno,359,3,44,31
1728,1644,1341,2015-01-26,2015-03-17,2015-12-25,Matutino,300,5,44,8
1729,1052,1227,2015-08-04,2016-06-01,2014-12-02,Noturno,227,4,44,12
1730,1549,1173,2016-03-07,2016-02-25,2015-01-01,Vespertino,93,6,12,40
1731,1419,1321,2014-11-02,2015-06-21,2016-01-24,Vespertino,302,8,32,41
1732,1563,1201,2016-01-15,2014-08-02,2015-06-14,Matutino,144,9,38,44
1733,1310,1144,2015-04-26,2015-07-23,2014-10-27,Noturno,123,1,24,45
1734,1188,1187,2016-03-16,2015-03-24,2015-08-25,Vespertino,306,4,21,16
1735,1289,1223,2015-03-26,2015-02-12,2014-11-13,Vespertino,134,3,42,8
1736,1463,1040,2014-08-17,2014-09-06,2015-12-07,Vespertino,351,4,43,39
1737,1240,1213,2016-06-07,2016-04-10,2015-04-12,Noturno,197,1,35,12
1738,1268,1044,2016-06-14,2015-02-07,2016-03-28,Vespertino,384,7,39,37
1739,1484,1017,2015-05-23,2015-06-25,2015-08-17,Noturno,238,5,41,45
1740,1156,1032,2014-08-29,2015-02-16,2015-09-29,Vespertino,265,9,22,30
1741,1401,1184,2015-12-16,2015-04-07,2014-07-14,Noturno,326,6,29,38
1742,1706,1280,2015-09-22,2015-09-19,2015-02-06,Matutino,134,2,16,45
1743,1566,1298,2015-03-14,2015-07-01,2015-04-09,Matutino,306,10,40,6
1744,1322,1055,2016-03-02,2016-06-02,2015-09-21,Matutino,385,5,20,25
1745,1030,1156,2015-02-02,2015-05-04,2015-02-04,Matutino,140,8,38,41
1746,1533,1173,2015-07-15,2015-11-17,2014-08-23,Noturno,174,3,40,24
1747,1755,1033,2014-07-24,2016-04-01,2016-03-05,Noturno,174,6,15,41
1748,1564,1143,2015-06-25,2014-12-15,2015-08-05,Matutino,399,1,34,9
1749,1398,1214,2015-03-10,2014-09-24,2016-05-03,Noturno,158,5,28,31
1750,1311,1026,2015-07-07,2015-12-09,2015-04-19,Noturno,319,3,21,27
1751,1060,1359,2016-01-21,2014-12-15,2015-04-19,Matutino,285,1,41,23
1752,1422,1184,2014-12-21,2016-04-11,2015-01-04,Matutino,211,10,11,37
1753,1069,1138,2015-04-18,2015-06-19,2014-07-24,Matutino,178,1,30,8
1754,1806,1322,2015-04-16,2014-07-15,2014-11-10,Vespertino,96,7,25,18
1755,1071,1199,2016-02-06,2016-04-29,2016-06-24,Noturno,319,8,45,9
1756,1002,1369,2016-04-21,2016-06-22,2015-11-24,Matutino,355,2,34,43
1757,1184,1274,2015-12-16,2015-03-11,2014-09-25,Vespertino,167,9,27,26
1758,1207,1353,2015-12-09,2015-01-27,2014-10-25,Matutino,117,8,44,8
1759,1048,1272,2015-12-01,2014-10-08,2016-04-20,Vespertino,175,1,43,9
1760,1314,1131,2014-12-12,2014-12-04,2015-06-11,Matutino,119,9,14,27
1761,1810,1019,2015-12-21,2015-09-30,2014-12-23,Matutino,324,9,32,29
1762,1863,1252,2015-07-05,2016-04-16,2014-08-31,Noturno,196,4,43,20
1763,1835,1361,2016-01-12,2016-06-27,2015-05-16,Matutino,253,4,24,17
1764,1180,1352,2015-11-28,2016-03-08,2015-07-03,Noturno,198,3,14,45
1765,1378,1037,2015-11-16,2014-08-27,2015-09-23,Matutino,309,5,44,7
1766,1360,1157,2014-10-09,2016-05-03,2015-03-25,Matutino,259,1,38,25
1767,1234,1172,2016-05-15,2015-09-05,2015-11-11,Noturno,328,5,22,15
1768,1077,1316,2015-11-16,2015-12-18,2015-02-18,Noturno,299,3,25,23
1769,1711,1179,2016-03-10,2016-01-13,2015-06-15,Vespertino,391,8,43,39
1770,1035,1260,2014-09-07,2016-04-18,2015-08-12,Noturno,212,6,35,21
1771,1327,1112,2014-10-01,2015-08-27,2016-03-25,Noturno,197,5,24,39
1772,1701,1311,2016-02-12,2015-07-15,2014-11-22,Vespertino,345,6,20,7
1773,1371,1164,2014-12-30,2015-08-29,2016-04-13,Vespertino,241,6,27,13
1774,1324,1175,2015-03-05,2016-05-15,2015-07-22,Noturno,251,10,39,8
1775,1564,1301,2016-02-04,2015-03-02,2016-03-13,Matutino,116,6,28,38
1776,1401,1281,2016-02-26,2014-10-04,2016-04-10,Noturno,304,8,25,14
1777,1862,1170,2015-05-06,2016-03-12,2015-09-05,Matutino,98,3,13,22
1778,1606,1333,2015-04-23,2015-02-16,2015-06-07,Vespertino,314,4,10,7
1779,1761,1148,2015-05-21,2015-09-14,2016-03-17,Vespertino,206,7,41,35
1780,1780,1350,2016-05-30,2015-05-19,2014-12-16,Vespertino,383,3,16,32
1781,1516,1075,2015-07-23,2015-05-12,2014-12-18,Matutino,164,7,12,20
1782,1588,1045,2016-01-18,2014-11-30,2015-07-25,Noturno,162,2,35,29
1783,1133,1282,2016-02-16,2015-11-06,2015-05-27,Noturno,136,1,40,20
1784,1063,1324,2014-09-08,2014-10-06,2015-03-14,Noturno,144,7,41,18
1785,1303,1219,2014-08-03,2014-07-01,2016-05-03,Matutino,390,10,27,10
1786,1500,1296,2016-01-22,2014-12-29,2015-04-27,Matutino,186,5,39,36
1787,1042,1339,2016-03-22,2015-04-25,2015-10-20,Matutino,149,7,25,17
1788,1564,1182,2016-04-11,2015-05-14,2015-10-02,Vespertino,288,2,26,13
1789,1800,1241,2015-07-10,2015-05-03,2015-02-18,Vespertino,298,6,17,26
1790,1082,1042,2014-08-13,2016-01-29,2015-09-21,Noturno,127,5,37,28
1791,1264,1005,2015-09-25,2015-07-12,2016-06-07,Noturno,227,7,37,14
1792,1552,1355,2016-01-31,2015-03-06,2016-02-05,Noturno,149,5,31,44
1793,1091,1018,2015-10-12,2016-01-07,2015-09-03,Noturno,283,8,16,42
1794,1674,1264,2015-02-08,2014-07-07,2015-05-13,Matutino,181,6,32,25
1795,1758,1216,2014-10-13,2015-04-18,2015-07-01,Matutino,204,4,23,42
1796,1075,1199,2015-04-06,2016-01-29,2015-07-07,Vespertino,258,6,39,16
1797,1438,1348,2015-09-27,2016-06-18,2016-03-14,Matutino,143,4,38,15
1798,1422,1262,2015-04-15,2015-05-25,2014-07-25,Vespertino,200,1,10,23
1799,1146,1056,2016-06-03,2015-07-13,2014-12-09,Noturno,190,4,40,31
1800,1256,1094,2015-12-10,2015-03-19,2016-06-20,Noturno,287,7,16,34
1801,1253,1130,2014-10-14,2015-02-21,2015-04-13,Vespertino,287,1,16,24
1802,1743,1125,2014-08-05,2015-11-17,2015-12-13,Noturno,113,2,35,39
1803,1509,1084,2015-04-22,2015-01-21,2014-12-16,Matutino,268,7,44,42
1804,1506,1212,2014-10-05,2014-10-26,2015-12-28,Matutino,160,3,27,32
1805,1377,1106,2015-11-23,2015-03-03,2014-07-18,Vespertino,294,6,23,12
1806,1272,1185,2015-12-10,2014-07-03,2016-02-22,Vespertino,128,10,10,17
1807,1132,1176,2015-02-21,2015-08-26,2014-12-07,Noturno,240,4,22,16
1808,1362,1157,2014-11-14,2015-08-03,2016-04-05,Matutino,210,7,38,16
1809,1685,1223,2016-06-26,2016-05-29,2015-09-16,Matutino,171,4,34,33
1810,1653,1177,2016-03-03,2014-08-06,2015-04-19,Noturno,157,7,29,27
1811,1714,1030,2015-01-12,2014-09-03,2015-09-07,Matutino,243,5,26,43
1812,1408,1049,2015-11-21,2016-03-10,2016-02-18,Vespertino,170,4,39,27
1813,1037,1033,2016-03-16,2015-01-01,2015-02-09,Noturno,270,5,30,11
1814,1350,1076,2016-06-18,2015-03-17,2014-07-25,Noturno,264,1,21,30
1815,1527,1140,2015-01-31,2014-12-21,2015-11-17,Matutino,289,4,20,30
1816,1112,1099,2015-09-11,2014-11-13,2015-06-19,Matutino,222,5,10,19
1817,1115,1118,2014-07-30,2016-01-09,2016-06-24,Vespertino,339,4,20,25
1818,1537,1023,2015-05-30,2016-04-16,2015-05-06,Noturno,92,2,13,34
1819,1196,1292,2015-09-04,2015-03-30,2015-08-28,Vespertino,392,6,32,37
1820,1171,1184,2014-07-13,2014-10-09,2016-01-06,Vespertino,277,9,12,13
1821,1549,1346,2015-01-15,2016-04-27,2014-07-28,Matutino,100,6,41,30
1822,1611,1211,2015-07-27,2016-06-01,2014-11-25,Matutino,341,6,39,32
1823,1832,1121,2016-04-08,2015-07-25,2014-07-22,Matutino,309,8,14,7
1824,1748,1184,2015-09-27,2014-09-27,2016-05-25,Vespertino,249,2,41,6
1825,1439,1229,2015-10-28,2015-11-29,2015-02-09,Noturno,352,6,27,37
1826,1055,1294,2016-03-03,2016-04-04,2015-07-16,Vespertino,266,1,10,9
1827,1190,1112,2016-03-01,2014-10-03,2015-08-13,Matutino,127,2,37,23
1828,1411,1265,2014-10-18,2015-07-26,2016-05-10,Noturno,155,4,13,32
1829,1169,1044,2015-12-11,2015-10-17,2014-12-31,Noturno,114,9,18,8
1830,1432,1035,2015-02-19,2016-03-08,2016-03-28,Matutino,114,8,32,34
1831,1696,1229,2015-04-10,2015-10-17,2015-05-22,Matutino,229,3,32,28
1832,1812,1159,2014-10-29,2015-07-04,2014-11-24,Matutino,117,8,27,8
1833,1453,1155,2014-10-14,2014-09-09,2016-04-17,Noturno,158,8,21,16
1834,1298,1306,2015-05-06,2014-07-08,2015-09-27,Vespertino,103,10,13,11
1835,1459,1338,2015-04-10,2015-06-06,2016-03-19,Vespertino,243,1,36,30
1836,1066,1202,2014-12-19,2016-05-21,2014-11-19,Noturno,196,6,20,40
1837,1081,1244,2016-04-26,2015-03-26,2014-07-03,Matutino,222,8,43,31
1838,1617,1289,2015-11-22,2015-02-23,2014-09-06,Matutino,274,8,18,34
1839,1048,1132,2014-12-01,2015-07-09,2014-07-03,Vespertino,200,4,41,42
1840,1803,1152,2016-01-31,2016-04-07,2014-12-13,Matutino,114,5,29,20
1841,1334,1272,2015-02-28,2014-12-26,2014-11-17,Noturno,358,5,40,5
1842,1591,1128,2015-05-07,2015-07-09,2015-08-23,Vespertino,341,3,43,43
1843,1810,1145,2015-06-23,2014-12-23,2015-01-21,Vespertino,104,7,22,17
1844,1466,1367,2015-08-31,2014-11-17,2015-04-23,Noturno,298,6,21,26
1845,1824,1031,2015-01-20,2015-04-22,2016-03-01,Matutino,298,8,17,8
1846,1753,1081,2014-09-24,2015-03-29,2015-05-19,Vespertino,289,9,12,21
1847,1065,1284,2015-02-12,2016-02-24,2014-08-12,Matutino,287,9,14,36
1848,1082,1116,2015-06-24,2015-02-23,2015-10-06,Matutino,278,6,39,40
1849,1657,1233,2015-08-05,2015-04-18,2016-03-03,Vespertino,109,5,34,38
1850,1826,1369,2015-07-25,2016-03-10,2015-09-07,Vespertino,278,7,12,23
1851,1836,1137,2014-11-17,2014-08-29,2016-04-29,Matutino,220,10,22,20
1852,1476,1331,2015-08-27,2016-01-09,2014-11-07,Vespertino,131,9,20,34
1853,1526,1068,2015-12-21,2015-09-23,2016-04-18,Noturno,174,9,28,35
1854,1367,1176,2016-02-14,2014-09-02,2014-11-24,Noturno,382,8,40,9
1855,1517,1089,2014-12-23,2015-05-07,2015-04-02,Vespertino,208,4,13,7
1856,1300,1310,2014-08-19,2015-12-28,2016-02-11,Matutino,116,8,41,44
1857,1598,1233,2015-03-12,2014-11-29,2015-03-02,Matutino,172,5,41,32
1858,1791,1206,2015-10-01,2014-11-05,2015-12-13,Matutino,178,3,20,44
1859,1621,1177,2014-10-07,2015-12-31,2015-01-19,Matutino,393,4,14,40
1860,1864,1094,2015-01-08,2014-10-24,2014-12-26,Noturno,218,4,14,7
1861,1475,1308,2014-09-13,2015-09-29,2014-07-06,Matutino,214,4,21,39
1862,1003,1293,2015-03-17,2015-02-06,2015-09-21,Noturno,218,3,39,20
1863,1006,1092,2014-08-20,2015-12-29,2016-06-22,Noturno,302,9,31,16
1864,1820,1201,2014-12-17,2014-10-25,2016-01-10,Matutino,222,6,22,25
1865,1029,1085,2016-05-15,2015-02-05,2015-12-31,Noturno,126,6,31,12
1866,1625,1292,2015-04-22,2015-08-15,2015-12-23,Matutino,98,8,27,43
1867,1586,1376,2015-01-14,2015-06-11,2015-01-17,Matutino,254,5,20,37
1868,1175,1291,2016-03-31,2014-09-28,2015-11-18,Matutino,295,10,28,13
1869,1270,1319,2015-10-25,2015-07-26,2014-12-29,Matutino,221,8,38,16
1870,1736,1239,2014-07-22,2016-03-31,2015-04-10,Vespertino,311,1,23,7
1871,1226,1339,2014-11-17,2014-09-05,2015-01-28,Vespertino,131,8,37,15
1872,1059,1336,2014-11-26,2015-11-09,2015-06-30,Noturno,243,9,34,34
1873,1254,1122,2015-09-16,2016-04-15,2014-12-10,Vespertino,119,4,12,33
1874,1217,1053,2015-12-12,2014-11-28,2016-05-22,Matutino,271,9,17,12
1875,1025,1171,2014-07-11,2015-11-27,2015-01-14,Vespertino,131,8,15,13
1876,1415,1013,2016-05-14,2015-12-10,2016-05-10,Noturno,371,6,44,20
1877,1408,1222,2015-07-07,2015-11-17,2014-12-08,Noturno,175,4,12,19
1878,1317,1239,2015-07-28,2014-08-17,2015-04-05,Noturno,360,5,11,30
1879,1343,1254,2015-03-12,2015-01-26,2016-04-30,Vespertino,343,10,25,27
1880,1423,1249,2014-08-18,2014-07-09,2016-03-16,Noturno,230,2,14,34
1881,1263,1028,2015-12-05,2015-08-26,2014-12-01,Vespertino,146,7,17,34
1882,1833,1302,2016-05-20,2015-09-02,2014-09-08,Noturno,121,7,18,27
1883,1803,1060,2015-09-19,2014-09-10,2015-05-28,Vespertino,213,6,43,15
1884,1029,1076,2015-05-29,2016-06-28,2016-01-14,Noturno,127,7,39,12
1885,1026,1131,2015-09-25,2015-01-14,2015-09-03,Vespertino,101,8,44,7
1886,1566,1184,2015-02-05,2016-04-03,2015-03-21,Matutino,347,5,14,21
1887,1025,1200,2015-07-29,2014-08-24,2014-08-19,Noturno,282,7,21,28
1888,1747,1365,2015-03-27,2015-01-22,2016-03-07,Matutino,351,1,34,9
1889,1667,1118,2015-12-03,2014-12-07,2015-06-08,Matutino,206,2,32,35
1890,1068,1214,2015-10-20,2015-05-12,2014-10-13,Matutino,167,3,31,42
1891,1830,1089,2016-04-07,2015-02-11,2015-10-18,Noturno,152,10,11,32
1892,1116,1063,2015-08-02,2016-05-29,2015-06-02,Noturno,382,10,22,39
1893,1557,1268,2015-03-23,2015-01-26,2014-09-03,Noturno,220,9,23,17
1894,1167,1078,2016-03-13,2015-08-04,2015-01-03,Matutino,93,5,26,8
1895,1452,1238,2014-08-08,2014-09-17,2016-01-27,Vespertino,186,9,22,33
1896,1256,1373,2015-07-06,2015-04-03,2016-05-10,Matutino,218,8,10,40
1897,1316,1038,2015-06-22,2014-12-09,2016-04-29,Noturno,106,3,29,29
1898,1617,1006,2015-04-13,2014-07-30,2015-03-12,Vespertino,126,3,40,26
1899,1251,1367,2015-06-08,2016-05-19,2015-10-02,Vespertino,390,10,20,42
1900,1043,1235,2015-04-28,2015-05-16,2015-03-16,Vespertino,199,7,41,26
1901,1690,1116,2015-05-03,2015-10-06,2014-10-30,Noturno,395,1,26,13
1902,1725,1274,2014-12-14,2014-10-06,2015-04-25,Matutino,282,10,41,19
1903,1275,1273,2016-02-11,2014-09-10,2014-12-17,Vespertino,323,2,32,11
1904,1082,1090,2016-01-12,2016-03-11,2015-04-18,Matutino,286,5,34,7
1905,1698,1222,2015-06-27,2014-08-03,2016-01-15,Matutino,250,5,30,35
1906,1316,1271,2014-09-03,2014-08-13,2016-04-29,Noturno,280,6,27,32
1907,1094,1201,2015-02-26,2016-03-03,2015-04-26,Noturno,131,9,31,12
1908,1726,1268,2014-07-03,2015-03-24,2015-01-30,Noturno,338,2,14,17
1909,1794,1202,2016-05-07,2014-07-06,2015-07-08,Noturno,357,9,20,29
1910,1363,1363,2014-12-04,2016-05-13,2014-11-09,Noturno,219,2,45,18
1911,1805,1209,2014-12-18,2015-02-07,2015-09-07,Vespertino,296,9,32,15
1912,1450,1211,2015-06-29,2014-09-11,2014-09-23,Matutino,326,2,21,22
1913,1349,1311,2016-04-07,2015-12-01,2016-05-14,Matutino,158,1,26,24
1914,1038,1211,2015-10-07,2015-08-17,2015-01-01,Vespertino,181,2,31,19
1915,1114,1031,2015-06-10,2015-09-03,2014-07-07,Matutino,107,10,35,41
1916,1428,1023,2015-01-24,2015-02-26,2016-02-03,Vespertino,105,6,40,15
1917,1085,1232,2016-06-21,2014-10-20,2016-06-22,Matutino,231,10,34,25
1918,1705,1279,2014-07-02,2016-04-27,2014-11-25,Matutino,283,7,43,23
1919,1076,1098,2015-08-28,2016-03-19,2015-06-19,Vespertino,333,1,34,35
1920,1733,1220,2014-10-18,2015-03-24,2015-08-13,Noturno,194,7,18,17
1921,1199,1104,2016-05-23,2016-01-27,2014-12-07,Noturno,219,9,35,34
1922,1775,1228,2014-08-31,2015-04-29,2015-07-18,Vespertino,174,1,36,43
1923,1177,1280,2014-11-01,2014-08-24,2015-04-29,Vespertino,158,1,16,34
1924,1344,1058,2015-05-01,2016-02-09,2015-09-28,Matutino,143,10,41,34
1925,1380,1292,2014-12-04,2014-09-27,2015-01-15,Noturno,168,1,12,17
1926,1791,1312,2015-07-27,2016-06-29,2014-07-06,Matutino,200,9,25,17
1927,1458,1138,2015-06-22,2015-07-26,2015-11-21,Matutino,103,3,37,17
1928,1524,1284,2016-01-16,2015-06-20,2015-12-22,Vespertino,225,7,30,5
1929,1515,1337,2014-08-28,2016-01-24,2016-03-06,Noturno,390,2,36,30
1930,1835,1017,2015-04-24,2014-11-04,2016-05-04,Vespertino,302,10,13,43
1931,1431,1373,2016-05-24,2016-05-26,2015-09-21,Noturno,399,4,19,41
1932,1846,1332,2015-06-11,2015-10-04,2015-05-12,Matutino,138,8,16,33
1933,1743,1275,2015-10-01,2016-03-14,2015-01-24,Noturno,206,6,25,5
1934,1585,1010,2015-08-23,2015-10-24,2016-02-08,Matutino,392,4,42,28
1935,1473,1073,2016-05-08,2015-10-26,2015-11-09,Matutino,165,2,15,20
1936,1547,1147,2015-08-26,2015-06-22,2015-08-21,Matutino,337,10,27,35
1937,1300,1303,2015-05-26,2016-01-25,2016-02-13,Matutino,140,2,24,40
1938,1163,1307,2015-07-09,2015-06-17,2016-02-09,Noturno,229,4,23,13
1939,1636,1376,2015-01-28,2015-06-06,2014-12-01,Noturno,345,2,26,8
1940,1484,1185,2016-01-29,2015-10-02,2015-08-01,Noturno,357,9,27,32
1941,1328,1341,2015-04-30,2016-01-05,2015-03-18,Vespertino,104,8,11,33
1942,1273,1016,2016-02-28,2014-12-29,2014-10-13,Noturno,347,5,42,22
1943,1653,1310,2015-11-04,2015-10-21,2016-03-30,Vespertino,143,10,34,13
1944,1740,1335,2015-12-01,2014-12-27,2014-07-04,Matutino,193,1,34,38
1945,1465,1257,2016-05-16,2015-08-11,2015-01-14,Noturno,392,9,24,44
1946,1537,1090,2015-07-23,2015-01-13,2015-07-08,Vespertino,97,8,26,5
1947,1099,1043,2015-04-24,2016-05-16,2015-07-24,Matutino,222,2,35,22
1948,1525,1177,2014-08-13,2015-10-04,2015-03-18,Vespertino,266,5,14,22
1949,1335,1177,2014-09-03,2015-04-24,2015-09-19,Noturno,266,10,32,28
1950,1432,1277,2014-12-10,2014-08-07,2014-11-23,Matutino,336,8,10,41
1951,1107,1028,2015-03-17,2015-09-14,2015-05-27,Matutino,135,10,23,23
1952,1693,1123,2014-12-07,2014-11-10,2015-03-12,Noturno,275,7,39,22
1953,1196,1245,2016-02-12,2016-05-23,2015-10-15,Noturno,167,2,20,7
1954,1467,1115,2015-06-15,2014-11-23,2015-11-25,Noturno,275,9,43,34
1955,1761,1219,2016-06-23,2016-04-19,2014-09-15,Noturno,103,7,19,37
1956,1064,1302,2015-03-02,2016-03-16,2014-08-10,Noturno,189,4,29,34
1957,1200,1234,2016-05-07,2016-02-17,2014-11-09,Vespertino,158,5,14,26
1958,1619,1089,2015-05-21,2015-06-05,2015-01-27,Noturno,255,7,29,43
1959,1032,1376,2014-09-05,2015-04-03,2015-01-02,Noturno,307,4,28,24
1960,1534,1101,2014-11-21,2015-02-13,2014-12-14,Noturno,344,3,26,38
1961,1199,1021,2016-02-07,2015-07-12,2014-12-19,Noturno,279,3,44,23
1962,1230,1027,2015-06-16,2015-05-16,2015-07-01,Vespertino,245,6,39,14
1963,1297,1177,2016-03-29,2014-07-09,2015-09-23,Vespertino,170,7,12,20
1964,1409,1252,2015-06-13,2016-06-20,2014-07-03,Matutino,172,8,34,33
1965,1272,1351,2016-02-18,2016-01-25,2016-02-19,Vespertino,228,4,13,33
1966,1689,1110,2016-05-23,2015-05-31,2016-06-10,Matutino,158,1,40,33
1967,1434,1291,2016-02-16,2014-07-02,2015-06-26,Noturno,126,9,40,33
1968,1484,1241,2015-07-29,2014-08-29,2015-04-18,Noturno,215,10,14,32
1969,1573,1080,2015-08-17,2015-02-20,2014-11-17,Noturno,392,6,26,7
1970,1164,1032,2016-05-29,2015-09-13,2014-07-10,Noturno,254,3,42,23
1971,1419,1121,2015-03-31,2014-10-05,2015-05-08,Vespertino,116,5,28,34
1972,1073,1092,2014-09-03,2015-05-22,2015-06-20,Vespertino,191,2,19,42
1973,1601,1188,2015-05-20,2016-02-28,2015-01-05,Matutino,223,3,24,20
1974,1434,1298,2015-03-06,2015-06-05,2016-04-21,Matutino,199,3,45,5
1975,1041,1095,2015-11-21,2015-09-29,2016-04-06,Noturno,152,10,29,9
1976,1749,1365,2014-07-19,2015-09-14,2015-06-15,Vespertino,235,9,12,13
1977,1608,1257,2014-09-11,2016-04-10,2015-07-21,Vespertino,205,10,13,28
1978,1392,1168,2014-12-08,2014-08-07,2015-09-29,Noturno,99,5,36,40
1979,1135,1218,2016-04-03,2014-10-30,2014-08-09,Matutino,300,2,38,23
1980,1234,1140,2016-05-31,2016-03-04,2014-12-30,Noturno,262,10,24,18
1981,1087,1125,2015-10-07,2014-10-17,2015-10-13,Noturno,352,8,30,5
1982,1246,1365,2014-11-04,2016-03-19,2014-09-28,Noturno,158,6,42,14
1983,1103,1058,2015-06-06,2015-05-04,2015-12-05,Matutino,246,5,13,31
1984,1355,1094,2016-03-25,2014-07-15,2015-10-11,Noturno,384,7,13,5
1985,1309,1163,2015-07-31,2015-07-28,2014-11-29,Vespertino,224,3,18,7
1986,1455,1178,2015-11-26,2015-06-25,2015-03-02,Matutino,306,7,13,20
1987,1762,1215,2016-06-15,2014-10-09,2014-12-11,Matutino,115,6,44,38
1988,1833,1374,2016-05-09,2015-05-29,2014-08-05,Vespertino,104,5,37,32
1989,1409,1115,2014-10-06,2015-10-27,2015-11-27,Matutino,277,6,18,8
1990,1015,1204,2016-03-30,2015-04-19,2016-01-29,Noturno,206,1,39,29
1991,1264,1326,2015-08-03,2014-09-05,2015-05-18,Noturno,161,5,33,25
1992,1139,1242,2016-06-02,2014-10-01,2015-04-09,Noturno,95,5,27,18
1993,1056,1197,2015-11-26,2015-12-19,2015-08-14,Noturno,218,3,38,38
1994,1531,1334,2014-08-10,2016-04-06,2015-02-11,Matutino,194,5,16,22
1995,1220,1086,2014-08-30,2014-12-31,2014-11-14,Matutino,128,1,45,21
1996,1839,1160,2015-04-22,2015-02-05,2015-10-02,Matutino,279,1,40,29
1997,1138,1240,2016-04-01,2015-11-26,2015-07-14,Vespertino,193,7,23,42
1998,1172,1116,2015-04-14,2016-01-06,2015-08-22,Noturno,265,1,38,32
1999,1652,1191,2015-02-24,2015-03-18,2014-10-25,Noturno,180,5,12,35
2000,1829,1172,2014-11-05,2015-03-19,2015-03-06,Vespertino,320,4,42,5
2001,1514,1332,2014-11-28,2016-03-11,2016-01-20,Noturno,126,8,22,10
2002,1623,1206,2015-06-14,2014-11-29,2014-07-27,Vespertino,254,6,14,22
2003,1455,1343,2016-01-19,2015-03-07,2016-06-22,Matutino,119,3,11,43
2004,1752,1033,2015-09-24,2015-05-14,2015-02-05,Noturno,320,7,29,39
2005,1618,1285,2016-01-15,2015-05-28,2016-02-18,Matutino,336,1,41,9
2006,1791,1331,2014-09-06,2016-03-03,2015-10-19,Matutino,222,1,25,41
2007,1590,1272,2015-07-08,2015-05-04,2014-12-14,Matutino,150,8,20,10
2008,1451,1271,2015-08-10,2015-04-30,2016-03-03,Matutino,140,6,42,20
2009,1443,1280,2016-02-24,2016-03-12,2015-12-08,Noturno,395,6,13,10
2010,1242,1176,2014-12-03,2016-06-28,2014-07-15,Noturno,361,9,14,33
2011,1505,1025,2015-12-18,2015-06-07,2015-01-06,Vespertino,178,1,42,35
2012,1791,1349,2014-12-13,2015-07-27,2015-02-07,Noturno,206,9,13,11
2013,1791,1195,2014-11-17,2015-11-21,2015-05-25,Vespertino,135,1,30,44
2014,1674,1061,2015-12-31,2016-02-03,2014-11-01,Matutino,170,4,24,8
2015,1321,1299,2016-04-27,2015-08-20,2014-07-27,Matutino,101,2,42,45
2016,1496,1380,2014-11-15,2015-08-16,2014-09-09,Vespertino,235,4,16,11
2017,1448,1138,2014-08-10,2016-02-09,2015-12-14,Noturno,204,1,35,27
2018,1367,1274,2015-06-07,2015-08-15,2015-03-07,Noturno,185,3,29,23
2019,1427,1357,2014-09-06,2014-09-18,2015-11-24,Vespertino,161,2,20,31
2020,1739,1025,2014-11-12,2015-02-27,2014-08-18,Noturno,276,7,29,20
2021,1859,1238,2015-12-29,2016-02-22,2014-07-10,Vespertino,208,6,38,32
2022,1519,1210,2015-03-08,2015-01-08,2015-12-18,Vespertino,320,2,16,7
2023,1360,1343,2015-11-28,2015-10-12,2016-01-30,Noturno,309,6,13,14
2024,1577,1311,2014-10-13,2014-12-14,2014-07-23,Noturno,348,2,41,19
2025,1743,1056,2014-12-04,2015-08-25,2014-09-16,Matutino,361,4,17,22
2026,1521,1346,2014-12-24,2016-01-19,2015-10-05,Matutino,144,4,44,8
2027,1864,1183,2014-12-25,2015-03-03,2015-07-14,Matutino,176,5,10,8
2028,1539,1289,2015-01-13,2014-09-12,2015-08-08,Matutino,254,7,32,44
2029,1398,1284,2016-03-27,2016-02-17,2016-04-19,Vespertino,219,6,23,10
2030,1625,1373,2015-02-08,2015-04-07,2015-11-02,Matutino,293,4,45,18
2031,1387,1172,2014-08-29,2016-02-20,2015-08-11,Vespertino,242,10,32,6
2032,1775,1344,2015-04-17,2015-09-21,2015-01-03,Vespertino,374,10,44,16
2033,1319,1290,2016-06-25,2016-01-13,2015-03-27,Noturno,172,6,13,17
2034,1010,1172,2016-04-07,2015-05-01,2014-07-13,Noturno,366,7,45,22
2035,1134,1348,2015-08-24,2015-05-19,2016-01-05,Vespertino,266,3,35,38
2036,1011,1272,2016-01-26,2016-05-04,2016-05-01,Matutino,367,2,21,14
2037,1727,1150,2014-10-07,2014-12-14,2015-05-26,Noturno,399,4,43,12
2038,1144,1186,2016-03-17,2015-06-19,2015-03-29,Vespertino,343,2,16,8
2039,1227,1052,2016-01-13,2014-12-22,2014-08-25,Noturno,378,9,35,8
2040,1290,1243,2014-09-20,2015-12-28,2014-07-26,Vespertino,144,2,37,5
2041,1716,1319,2015-11-06,2016-03-04,2016-06-19,Matutino,398,7,19,39
2042,1320,1370,2015-10-24,2015-08-26,2015-04-26,Noturno,211,2,26,26
2043,1300,1142,2015-09-16,2015-06-22,2016-04-16,Matutino,312,2,29,10
2044,1536,1252,2016-01-26,2015-08-23,2015-04-28,Noturno,353,2,25,25
2045,1225,1099,2015-06-17,2016-06-28,2016-02-24,Noturno,365,8,20,36
2046,1558,1184,2016-02-09,2016-06-28,2015-03-25,Vespertino,369,8,33,40
2047,1768,1051,2016-04-12,2015-11-21,2016-01-11,Vespertino,254,6,27,43
2048,1579,1005,2015-09-28,2014-07-02,2016-01-02,Vespertino,359,10,45,26
2049,1249,1111,2015-01-19,2015-11-06,2014-08-14,Noturno,309,4,29,44
2050,1374,1224,2015-01-16,2014-11-06,2015-02-18,Noturno,321,1,17,32
2051,1834,1338,2015-03-20,2016-05-29,2014-10-10,Vespertino,130,10,13,15
2052,1115,1046,2015-05-12,2014-07-22,2015-07-06,Vespertino,111,2,28,45
2053,1495,1033,2015-08-08,2014-08-13,2016-04-16,Vespertino,183,6,29,11
2054,1253,1148,2016-05-18,2014-09-20,2015-12-20,Matutino,184,10,20,20
2055,1307,1372,2016-02-12,2015-10-10,2015-08-13,Vespertino,223,8,44,11
2056,1021,1184,2015-01-10,2014-12-02,2014-10-15,Noturno,150,2,35,28
2057,1741,1237,2015-07-10,2015-06-16,2014-11-12,Vespertino,141,10,24,28
2058,1641,1021,2015-01-18,2015-10-19,2015-04-29,Matutino,302,6,12,19
2059,1754,1166,2015-01-05,2015-11-06,2014-10-24,Matutino,182,10,19,45
2060,1181,1014,2015-07-12,2016-04-03,2015-06-25,Matutino,210,6,33,14
2061,1537,1190,2016-03-18,2014-10-30,2015-05-03,Noturno,317,7,38,34
2062,1480,1365,2015-02-13,2016-03-25,2016-06-02,Matutino,149,6,12,20
2063,1446,1320,2015-09-09,2015-06-19,2015-12-03,Noturno,381,7,33,17
2064,1548,1321,2014-11-16,2014-11-14,2015-09-19,Noturno,353,3,24,36
2065,1067,1033,2015-05-16,2016-05-19,2016-03-02,Noturno,180,8,25,20
2066,1017,1136,2015-09-22,2016-05-16,2015-09-12,Matutino,336,10,44,34
2067,1322,1095,2014-10-31,2014-08-11,2014-08-26,Matutino,191,6,31,39
2068,1198,1145,2015-01-25,2015-11-02,2015-11-16,Noturno,339,7,27,35
2069,1271,1209,2016-04-12,2015-07-24,2016-02-08,Noturno,304,9,25,43
2070,1197,1163,2015-09-16,2015-09-28,2016-02-13,Matutino,287,1,26,10
2071,1583,1103,2015-12-26,2015-06-29,2016-05-21,Matutino,395,2,44,32
2072,1252,1159,2014-08-31,2014-09-27,2015-08-30,Matutino,217,4,16,15
2073,1383,1003,2014-11-15,2015-10-27,2015-09-22,Noturno,318,5,44,38
2074,1679,1105,2015-01-11,2015-01-16,2015-11-22,Noturno,154,1,36,25
2075,1850,1039,2015-09-15,2014-09-03,2015-11-08,Noturno,341,6,11,17
2076,1046,1173,2016-06-13,2016-01-04,2014-08-14,Noturno,92,4,30,39
2077,1460,1350,2015-11-21,2016-05-13,2015-03-23,Vespertino,228,2,31,20
2078,1112,1178,2015-03-16,2015-04-17,2016-06-12,Noturno,114,8,23,8
2079,1005,1334,2016-04-29,2015-11-05,2015-10-26,Noturno,338,6,13,30
2080,1326,1246,2014-10-06,2014-08-31,2015-09-10,Vespertino,387,6,16,35
2081,1846,1078,2016-01-03,2016-05-16,2015-09-07,Matutino,398,9,43,25
2082,1604,1056,2016-03-24,2015-05-31,2015-12-15,Vespertino,364,1,13,13
2083,1105,1145,2015-06-22,2014-10-06,2016-06-15,Vespertino,349,10,20,7
2084,1489,1014,2015-11-28,2016-04-09,2015-10-06,Noturno,153,5,14,33
2085,1596,1314,2016-01-31,2014-07-23,2014-08-13,Matutino,255,10,10,29
2086,1533,1091,2015-03-26,2014-08-03,2014-07-06,Vespertino,247,3,36,21
2087,1044,1100,2014-09-12,2016-06-14,2014-07-31,Noturno,119,6,33,28
2088,1028,1216,2014-07-11,2015-08-10,2016-01-30,Noturno,143,10,31,40
2089,1703,1020,2016-04-25,2014-12-01,2014-12-03,Matutino,399,3,37,37
2090,1039,1367,2016-02-25,2014-10-16,2014-12-22,Vespertino,280,1,32,36
2091,1405,1032,2015-03-16,2016-03-12,2016-02-20,Noturno,106,2,44,35
2092,1684,1369,2015-10-11,2014-06-30,2016-04-12,Matutino,274,8,29,20
2093,1333,1039,2015-04-29,2014-07-09,2015-12-10,Vespertino,366,9,11,15
2094,1464,1346,2016-02-06,2016-02-13,2016-01-20,Vespertino,144,10,42,23
2095,1812,1129,2014-07-02,2014-12-19,2015-09-19,Vespertino,175,5,27,28
2096,1442,1292,2016-03-28,2015-04-21,2014-09-22,Vespertino,305,4,11,26
2097,1585,1039,2016-01-25,2014-12-16,2014-08-31,Matutino,264,7,13,16
2098,1754,1330,2015-06-15,2016-06-17,2015-06-03,Noturno,267,9,25,13
2099,1166,1235,2015-10-09,2014-08-12,2016-06-08,Noturno,386,3,30,21
2100,1054,1130,2016-06-19,2015-07-27,2015-01-21,Matutino,148,9,27,23
2101,1390,1080,2014-11-06,2016-05-31,2015-02-22,Matutino,344,7,14,16
2102,1184,1118,2014-09-03,2016-04-16,2016-06-19,Noturno,357,6,28,29
2103,1206,1268,2015-01-11,2014-08-11,2015-05-12,Noturno,254,4,19,13
2104,1059,1036,2015-05-06,2014-12-05,2014-11-24,Noturno,257,2,20,13
2105,1050,1314,2015-01-09,2016-03-22,2014-10-22,Noturno,121,9,37,24
2106,1354,1361,2014-07-06,2014-08-15,2016-03-21,Noturno,203,8,18,41
2107,1292,1085,2014-07-29,2015-01-15,2015-04-27,Matutino,154,1,45,13
2108,1544,1162,2015-10-02,2016-01-08,2015-03-16,Noturno,341,1,21,38
2109,1256,1022,2014-11-19,2014-11-14,2015-08-17,Noturno,253,6,28,10
2110,1181,1246,2016-01-05,2015-05-25,2015-03-07,Noturno,136,10,41,45
2111,1481,1160,2015-12-10,2015-11-15,2016-01-04,Noturno,193,3,19,40
2112,1489,1098,2016-02-12,2016-06-09,2014-12-09,Vespertino,179,1,41,32
2113,1763,1271,2015-06-30,2015-02-01,2015-10-09,Noturno,173,8,14,42
2114,1607,1152,2015-08-05,2014-10-21,2015-06-26,Noturno,251,6,18,22
2115,1537,1277,2014-12-10,2015-10-23,2014-09-17,Vespertino,199,10,45,24
2116,1666,1233,2016-05-14,2016-05-30,2015-05-10,Noturno,115,4,19,17
2117,1337,1087,2014-11-01,2014-11-07,2015-06-26,Noturno,137,9,25,8
2118,1061,1142,2016-04-04,2016-04-18,2015-09-28,Noturno,344,6,12,28
2119,1512,1012,2015-09-14,2014-09-15,2014-08-31,Noturno,238,10,39,45
2120,1173,1252,2014-12-27,2015-08-29,2015-08-26,Noturno,205,8,30,26
2121,1298,1051,2016-05-16,2015-11-01,2015-07-26,Matutino,329,5,24,39
2122,1604,1050,2014-07-17,2016-02-20,2014-12-29,Vespertino,309,5,22,25
2123,1038,1138,2015-07-13,2014-12-23,2015-08-25,Matutino,325,10,40,6
2124,1399,1228,2016-06-18,2016-02-13,2015-01-11,Matutino,355,2,30,30
2125,1008,1343,2015-06-01,2015-03-15,2016-02-06,Vespertino,203,10,25,16
2126,1019,1246,2015-08-04,2015-08-06,2016-02-25,Matutino,242,2,22,28
2127,1686,1353,2015-10-13,2015-11-11,2016-03-07,Noturno,179,2,18,31
2128,1146,1136,2016-01-16,2014-12-19,2015-12-04,Vespertino,384,7,22,13
2129,1626,1268,2016-04-09,2014-10-10,2015-11-21,Matutino,335,6,32,41
2130,1285,1001,2014-06-30,2015-03-24,2015-07-28,Matutino,289,4,30,26
2131,1420,1338,2015-12-05,2015-02-03,2016-06-04,Vespertino,235,8,17,41
2132,1841,1016,2016-01-01,2015-08-04,2015-04-11,Matutino,354,1,37,11
2133,1833,1077,2015-04-29,2014-07-22,2016-01-16,Matutino,226,2,42,42
2134,1077,1266,2015-10-22,2014-07-27,2014-12-28,Noturno,328,9,32,13
2135,1283,1251,2015-02-12,2016-05-11,2015-11-26,Matutino,208,5,41,34
2136,1353,1350,2016-05-05,2014-11-29,2015-10-27,Vespertino,225,9,44,42
2137,1695,1092,2014-07-01,2015-06-13,2016-02-24,Vespertino,284,4,13,44
2138,1589,1257,2015-07-23,2015-06-30,2015-12-03,Matutino,171,10,39,42
2139,1275,1174,2015-08-13,2015-02-12,2015-11-17,Vespertino,186,1,43,30
2140,1623,1270,2016-02-01,2016-06-16,2014-11-10,Vespertino,270,9,41,31
2141,1596,1162,2015-11-28,2015-01-12,2015-02-07,Vespertino,170,10,14,45
2142,1055,1170,2014-09-13,2015-07-30,2014-08-24,Matutino,257,7,16,27
2143,1049,1353,2015-02-01,2015-03-18,2015-10-22,Vespertino,364,1,10,26
2144,1614,1118,2016-05-03,2015-12-11,2015-11-03,Vespertino,295,3,20,13
2145,1703,1191,2016-02-08,2016-05-18,2015-11-24,Matutino,242,3,35,12
2146,1757,1361,2015-09-01,2015-11-30,2015-05-27,Noturno,267,4,16,43
2147,1489,1326,2015-10-18,2014-08-07,2015-03-17,Matutino,380,3,21,45
2148,1745,1011,2014-11-16,2016-02-15,2015-10-05,Matutino,246,3,38,9
2149,1521,1214,2015-10-29,2016-04-17,2015-03-14,Matutino,346,5,40,15
2150,1575,1338,2015-02-12,2014-12-12,2016-02-16,Vespertino,294,6,24,21
2151,1791,1113,2015-07-25,2015-04-01,2014-07-13,Noturno,269,3,35,9
2152,1215,1014,2015-08-16,2014-10-02,2014-10-22,Noturno,104,10,13,23
2153,1101,1096,2014-12-17,2016-06-03,2014-09-07,Noturno,194,8,40,42
2154,1165,1302,2014-09-12,2015-10-05,2016-06-27,Vespertino,96,2,23,21
2155,1758,1266,2016-06-05,2015-05-26,2016-04-03,Noturno,315,6,45,35
2156,1624,1026,2014-10-26,2014-12-25,2016-06-25,Matutino,193,8,29,41
2157,1223,1382,2014-11-04,2016-02-13,2015-06-04,Noturno,366,9,34,7
2158,1014,1108,2015-10-24,2014-12-25,2015-06-27,Noturno,291,4,41,45
2159,1085,1175,2015-11-20,2015-12-25,2015-04-02,Vespertino,170,8,30,29
2160,1539,1318,2014-09-08,2015-09-22,2015-12-01,Matutino,251,10,16,10
2161,1661,1221,2016-01-31,2014-08-27,2015-07-10,Vespertino,363,1,37,9
2162,1536,1233,2015-12-03,2015-01-16,2015-10-20,Noturno,123,5,32,24
2163,1430,1377,2015-01-23,2016-04-19,2014-08-17,Vespertino,334,6,36,19
2164,1463,1360,2014-11-12,2015-06-14,2015-09-26,Vespertino,127,5,12,31
2165,1859,1209,2015-06-20,2015-11-09,2015-08-29,Vespertino,250,10,42,8
2166,1525,1323,2015-08-22,2014-12-29,2014-10-26,Noturno,321,5,25,17
2167,1473,1080,2015-07-26,2014-07-14,2014-10-19,Matutino,341,7,32,11
2168,1602,1215,2016-02-06,2015-12-13,2016-05-29,Vespertino,304,5,27,33
2169,1174,1234,2015-07-24,2015-10-08,2016-06-21,Noturno,310,9,30,43
2170,1628,1195,2016-01-29,2014-12-16,2016-03-04,Matutino,361,2,25,40
2171,1520,1028,2015-11-23,2014-11-01,2016-04-06,Vespertino,388,3,25,12
2172,1433,1161,2015-06-29,2015-03-02,2015-05-28,Matutino,384,3,32,36
2173,1295,1318,2016-02-05,2015-06-06,2015-06-27,Vespertino,149,3,15,17
2174,1165,1107,2015-03-15,2015-10-06,2015-05-03,Noturno,143,8,14,15
2175,1782,1134,2015-08-23,2016-03-28,2016-04-29,Matutino,347,4,20,28
2176,1333,1169,2016-05-16,2015-07-19,2016-05-31,Matutino,391,2,21,28
2177,1857,1227,2015-12-12,2014-11-18,2014-11-23,Noturno,187,6,34,28
2178,1799,1304,2015-01-02,2015-01-14,2014-08-06,Matutino,259,10,12,40
2179,1487,1148,2015-05-19,2015-12-29,2014-08-12,Noturno,323,1,14,45
2180,1043,1129,2015-02-23,2015-07-05,2015-11-01,Matutino,314,5,12,36
2181,1674,1212,2016-06-16,2014-09-03,2014-11-24,Vespertino,132,3,23,5
2182,1412,1383,2015-04-11,2015-06-04,2015-05-14,Vespertino,222,6,24,12
2183,1285,1182,2015-05-16,2015-05-17,2015-08-05,Noturno,349,7,32,42
2184,1775,1016,2015-03-17,2015-07-08,2015-03-29,Matutino,339,3,16,20
2185,1364,1240,2016-04-23,2015-11-19,2015-05-02,Vespertino,94,5,18,26
2186,1058,1140,2015-11-26,2014-10-25,2014-07-07,Noturno,274,6,31,41
2187,1426,1377,2014-10-29,2014-12-02,2016-05-02,Vespertino,327,7,32,7
2188,1710,1285,2016-04-23,2015-02-19,2014-09-03,Vespertino,210,10,33,15
2189,1398,1118,2015-04-29,2014-11-23,2014-12-23,Noturno,266,7,13,16
2190,1784,1022,2015-09-26,2015-02-04,2015-03-26,Noturno,142,6,43,18
2191,1254,1160,2015-04-28,2015-06-30,2015-02-21,Noturno,330,8,42,19
2192,1640,1205,2015-06-30,2015-06-27,2015-03-12,Noturno,184,10,30,41
2193,1843,1372,2014-12-12,2014-09-28,2015-03-19,Matutino,185,3,21,13
2194,1841,1033,2015-08-10,2016-04-15,2016-02-22,Matutino,305,5,11,14
2195,1482,1016,2016-02-03,2016-01-18,2015-08-08,Noturno,170,8,17,21
2196,1157,1223,2014-09-07,2016-03-16,2015-05-12,Noturno,382,7,39,25
2197,1174,1283,2016-01-25,2014-10-12,2016-06-27,Noturno,284,4,27,45
2198,1237,1093,2014-09-20,2016-02-22,2016-01-14,Matutino,393,10,23,6
2199,1050,1337,2016-03-19,2016-03-09,2015-11-22,Vespertino,271,6,30,29
2200,1220,1073,2016-05-07,2014-10-24,2014-11-24,Noturno,395,3,36,44
2201,1515,1309,2014-07-19,2014-10-29,2015-07-29,Noturno,264,10,19,11
2202,1355,1009,2016-04-05,2016-06-13,2015-07-24,Vespertino,131,7,44,27
2203,1220,1195,2015-07-20,2015-03-17,2015-07-25,Noturno,174,10,29,19
2204,1064,1333,2016-03-24,2015-02-18,2015-07-12,Noturno,121,8,31,45
2205,1409,1170,2015-10-23,2014-09-27,2016-03-18,Matutino,178,1,16,12
2206,1259,1315,2015-07-07,2015-07-13,2014-12-07,Noturno,229,8,25,30
2207,1762,1341,2015-12-02,2016-06-13,2015-11-16,Noturno,341,4,15,44
2208,1278,1300,2014-10-01,2015-07-03,2016-02-06,Matutino,227,3,21,36
2209,1169,1168,2014-07-07,2015-04-29,2016-01-06,Matutino,235,7,20,40
2210,1141,1326,2014-09-20,2014-07-31,2015-12-22,Matutino,262,1,26,30
2211,1227,1126,2014-09-14,2015-12-23,2015-11-18,Matutino,129,6,28,42
2212,1784,1196,2015-02-11,2015-05-18,2015-07-01,Matutino,332,7,44,35
2213,1771,1083,2016-05-15,2015-09-28,2015-08-20,Vespertino,278,1,27,28
2214,1785,1355,2014-09-05,2015-11-07,2015-05-02,Noturno,145,2,19,20
2215,1163,1274,2015-05-03,2015-04-23,2015-06-13,Noturno,301,10,30,36
2216,1657,1165,2016-04-10,2014-11-24,2015-12-19,Vespertino,198,3,32,40
2217,1832,1302,2014-11-28,2014-08-29,2014-10-31,Vespertino,105,7,33,40
2218,1230,1084,2016-02-28,2016-02-03,2015-08-25,Noturno,372,8,32,13
2219,1010,1289,2016-04-04,2016-01-20,2016-01-25,Vespertino,268,4,13,5
2220,1570,1249,2015-02-19,2014-12-12,2015-04-30,Matutino,244,2,22,42
2221,1112,1270,2014-10-17,2015-08-02,2016-04-15,Noturno,335,8,17,32
2222,1315,1180,2014-11-15,2015-11-14,2016-02-14,Vespertino,132,10,16,33
2223,1425,1270,2014-07-21,2016-01-15,2014-08-03,Matutino,103,5,35,27
2224,1177,1303,2015-02-04,2015-02-12,2016-01-29,Vespertino,262,2,15,26
2225,1548,1049,2015-04-04,2016-03-18,2016-05-22,Noturno,150,4,12,42
2226,1170,1266,2016-05-06,2016-01-15,2014-09-25,Matutino,366,1,40,37
2227,1234,1262,2015-07-03,2015-12-02,2014-11-17,Matutino,370,2,44,27
2228,1209,1089,2014-11-09,2015-08-16,2015-07-08,Noturno,230,1,34,5
2229,1474,1349,2015-10-03,2016-02-11,2015-10-09,Matutino,197,7,22,28
2230,1206,1141,2015-05-27,2015-05-15,2015-08-07,Vespertino,238,7,35,43
2231,1630,1106,2015-09-06,2015-02-08,2015-12-03,Vespertino,157,9,36,43
2232,1094,1228,2015-05-12,2015-06-10,2016-03-15,Vespertino,186,7,37,38
2233,1045,1089,2016-02-11,2015-07-18,2014-10-06,Vespertino,99,4,11,10
2234,1495,1243,2016-01-15,2016-03-27,2016-05-14,Vespertino,336,6,22,24
2235,1144,1202,2016-04-05,2015-06-20,2016-03-10,Matutino,154,8,23,15
2236,1075,1019,2015-04-28,2015-05-14,2014-07-31,Noturno,319,3,20,38
2237,1561,1270,2014-07-22,2015-01-15,2015-09-14,Matutino,273,1,37,45
2238,1451,1313,2015-06-02,2015-12-02,2014-11-13,Vespertino,141,10,21,6
2239,1827,1183,2015-02-07,2016-02-08,2015-02-06,Noturno,168,6,31,28
2240,1279,1378,2014-09-22,2015-01-22,2015-07-18,Matutino,235,7,16,29
2241,1566,1133,2015-08-07,2015-12-21,2014-11-02,Noturno,348,10,44,12
2242,1216,1035,2014-08-31,2015-05-27,2015-03-30,Noturno,356,5,19,19
2243,1134,1188,2014-07-06,2016-06-13,2015-09-08,Vespertino,122,2,25,14
2244,1267,1167,2015-06-18,2015-01-13,2014-07-14,Noturno,267,6,35,7
2245,1495,1278,2016-05-13,2015-05-25,2015-10-30,Vespertino,253,1,10,22
2246,1167,1055,2015-05-29,2014-11-17,2015-11-19,Matutino,262,9,26,19
2247,1202,1251,2014-10-18,2016-05-27,2015-11-02,Noturno,271,6,18,40
2248,1611,1313,2016-04-17,2015-03-05,2015-07-15,Vespertino,132,4,16,34
2249,1809,1060,2016-01-15,2015-04-08,2016-03-19,Vespertino,149,10,22,16
2250,1462,1184,2015-11-10,2016-05-11,2014-09-23,Matutino,374,5,26,35
2251,1688,1027,2014-09-18,2015-08-21,2015-10-31,Noturno,108,4,19,42
2252,1565,1241,2015-08-08,2014-07-26,2015-01-15,Matutino,396,7,33,7
2253,1713,1133,2016-04-04,2016-02-24,2016-03-23,Noturno,161,6,23,45
2254,1695,1353,2016-03-29,2014-07-11,2016-02-12,Noturno,399,1,16,41
2255,1646,1035,2015-02-04,2016-02-27,2014-06-30,Matutino,238,2,12,8
2256,1161,1141,2015-07-12,2016-02-20,2016-05-05,Matutino,117,8,17,36
2257,1477,1306,2015-02-03,2014-10-19,2016-04-26,Vespertino,232,4,10,42
2258,1522,1193,2015-12-14,2016-03-15,2016-03-14,Noturno,163,1,29,32
2259,1365,1319,2014-12-11,2015-12-16,2016-05-23,Vespertino,332,5,16,40
2260,1336,1159,2015-03-31,2014-10-09,2014-09-21,Vespertino,232,1,33,13
2261,1656,1317,2016-06-09,2015-02-19,2014-10-31,Vespertino,178,5,23,17
2262,1795,1216,2014-09-26,2016-04-28,2016-04-03,Vespertino,342,7,17,21
2263,1045,1034,2015-08-22,2015-07-17,2016-02-28,Matutino,270,1,24,43
2264,1838,1178,2015-11-15,2015-10-24,2015-09-27,Matutino,284,2,26,14
2265,1360,1156,2015-09-03,2016-01-05,2015-01-22,Vespertino,345,9,20,9
2266,1288,1117,2014-09-19,2015-01-13,2014-10-03,Noturno,202,2,25,42
2267,1216,1039,2014-09-15,2015-05-26,2015-11-14,Noturno,394,4,16,22
2268,1222,1191,2014-10-29,2015-12-07,2016-05-16,Noturno,395,10,41,30
2269,1416,1343,2014-11-17,2016-04-12,2016-04-26,Noturno,346,4,30,40
2270,1815,1379,2015-11-19,2015-08-06,2016-01-23,Matutino,330,8,27,12
2271,1534,1145,2015-12-06,2014-07-24,2015-12-21,Vespertino,104,4,26,20
2272,1283,1245,2015-02-22,2014-07-02,2015-09-29,Noturno,399,3,40,38
2273,1657,1110,2015-06-03,2015-09-14,2015-07-22,Noturno,110,3,45,43
2274,1648,1360,2016-03-17,2015-11-26,2015-09-13,Vespertino,276,7,42,6
2275,1530,1008,2015-04-16,2016-05-11,2015-09-09,Vespertino,400,4,31,23
2276,1077,1250,2014-12-02,2015-10-28,2015-03-31,Noturno,224,3,43,36
2277,1628,1189,2016-03-10,2015-02-03,2015-08-23,Vespertino,262,5,40,33
2278,1199,1085,2014-07-06,2016-05-20,2016-02-19,Matutino,333,10,45,23
2279,1672,1259,2015-05-20,2016-05-08,2014-08-01,Vespertino,326,4,38,9
2280,1339,1370,2014-07-06,2016-01-07,2016-04-17,Noturno,94,9,13,9
2281,1173,1381,2014-08-19,2014-10-13,2015-11-01,Matutino,207,9,41,31
2282,1862,1208,2014-11-26,2015-02-15,2016-01-19,Matutino,222,1,22,27
2283,1099,1315,2015-02-28,2016-03-07,2016-06-17,Vespertino,306,3,15,9
2284,1208,1022,2015-06-22,2014-11-22,2016-05-04,Matutino,136,3,45,19
2285,1384,1336,2015-06-13,2016-04-12,2014-08-15,Matutino,282,4,33,34
2286,1209,1375,2014-10-30,2015-06-08,2015-01-22,Noturno,372,8,39,9
2287,1702,1219,2015-05-14,2015-12-04,2015-03-01,Matutino,172,3,39,24
2288,1092,1324,2015-07-13,2016-04-08,2014-09-14,Vespertino,343,8,34,38
2289,1178,1129,2015-01-21,2015-06-24,2015-12-11,Noturno,379,8,17,45
2290,1026,1111,2015-07-12,2015-10-10,2015-04-14,Noturno,318,6,31,27
2291,1238,1261,2014-09-10,2015-04-29,2014-08-26,Matutino,196,4,19,23
2292,1163,1049,2016-02-02,2016-06-21,2015-06-22,Vespertino,304,9,14,5
2293,1139,1031,2014-10-04,2015-09-06,2014-07-19,Noturno,360,2,10,18
2294,1230,1158,2016-01-23,2015-10-21,2015-11-28,Matutino,345,4,28,43
2295,1284,1101,2015-05-13,2016-04-22,2015-08-15,Vespertino,228,9,18,31
2296,1491,1262,2016-04-26,2016-06-16,2015-06-20,Vespertino,169,6,33,28
2297,1272,1188,2015-11-21,2015-10-17,2014-09-11,Matutino,333,7,34,35
2298,1046,1239,2015-04-22,2014-12-05,2016-05-07,Vespertino,286,7,22,20
2299,1492,1283,2016-02-23,2016-06-09,2014-11-24,Vespertino,400,8,30,27
2300,1537,1156,2014-11-16,2015-10-27,2016-03-05,Matutino,215,4,13,34
2301,1190,1189,2015-11-17,2016-05-08,2014-12-28,Vespertino,390,3,36,14
2302,1180,1341,2016-03-28,2015-01-09,2014-12-26,Noturno,239,6,28,35
2303,1210,1285,2015-07-09,2016-04-13,2014-12-19,Matutino,293,3,14,5
2304,1442,1085,2015-07-12,2015-05-16,2016-06-05,Vespertino,359,2,26,13
2305,1157,1160,2014-11-24,2014-12-31,2015-12-17,Matutino,154,5,19,41
2306,1061,1258,2015-07-04,2015-12-31,2015-11-05,Vespertino,182,8,14,21
2307,1830,1197,2014-09-20,2015-03-08,2014-07-15,Noturno,297,1,37,24
2308,1188,1280,2015-07-22,2015-09-06,2014-09-02,Matutino,298,9,18,44
2309,1331,1307,2016-06-18,2015-07-28,2015-08-21,Vespertino,379,9,21,23
2310,1137,1147,2016-06-18,2016-01-26,2015-07-22,Noturno,381,9,33,16
2311,1319,1239,2016-01-14,2014-10-14,2016-01-15,Vespertino,115,8,22,39
2312,1042,1247,2014-08-11,2014-11-29,2015-01-09,Vespertino,179,3,19,45
2313,1468,1352,2015-04-03,2015-10-29,2015-11-19,Vespertino,280,10,15,25
2314,1463,1300,2015-12-05,2016-01-28,2015-05-03,Vespertino,285,5,10,10
2315,1798,1331,2016-02-17,2015-04-01,2015-02-08,Noturno,337,5,15,30
2316,1193,1220,2014-07-26,2016-03-26,2014-09-21,Noturno,357,6,10,45
2317,1112,1383,2014-10-27,2016-06-01,2015-12-16,Noturno,292,4,31,45
2318,1678,1167,2015-03-24,2015-05-08,2015-03-02,Vespertino,226,1,40,31
2319,1582,1150,2014-10-07,2015-08-16,2015-09-22,Matutino,246,9,16,24
2320,1718,1104,2015-05-11,2016-01-22,2016-02-11,Matutino,213,9,39,13
2321,1801,1006,2015-07-03,2015-10-28,2015-09-07,Matutino,105,8,45,24
2322,1102,1245,2015-12-17,2016-05-02,2014-12-28,Noturno,375,7,38,36
2323,1541,1038,2015-04-24,2014-12-29,2016-04-12,Noturno,286,4,14,14
2324,1092,1013,2014-09-19,2014-10-08,2014-12-25,Noturno,343,10,40,27
2325,1169,1126,2016-03-12,2015-01-08,2015-04-02,Matutino,307,2,33,27
2326,1367,1324,2015-10-07,2015-08-28,2015-01-16,Matutino,379,9,31,29
2327,1059,1378,2015-09-24,2014-12-21,2016-04-10,Noturno,124,9,14,33
2328,1633,1049,2015-12-01,2014-08-10,2015-06-17,Vespertino,96,8,12,6
2329,1395,1301,2014-11-02,2015-11-23,2015-08-13,Matutino,267,10,18,29
2330,1588,1170,2014-12-08,2015-11-08,2015-08-05,Vespertino,267,8,22,39
2331,1543,1295,2016-06-14,2015-06-11,2015-03-20,Matutino,266,7,16,41
2332,1338,1127,2016-03-11,2015-02-11,2016-02-24,Vespertino,163,7,37,17
2333,1769,1265,2016-05-13,2015-06-06,2015-01-10,Matutino,99,1,17,43
2334,1384,1019,2015-05-18,2015-09-17,2015-02-08,Noturno,251,4,23,26
2335,1174,1054,2014-07-05,2014-09-14,2014-11-23,Matutino,194,7,11,13
2336,1489,1174,2016-02-19,2014-12-10,2015-12-28,Noturno,227,9,31,19
2337,1260,1328,2014-12-04,2015-10-15,2014-12-20,Noturno,142,6,24,29
2338,1337,1174,2015-08-29,2014-08-12,2015-09-04,Vespertino,322,2,19,7
2339,1548,1017,2014-07-28,2014-12-24,2015-06-21,Noturno,267,7,14,8
2340,1509,1030,2016-03-18,2015-11-02,2015-12-19,Matutino,341,9,10,43
2341,1592,1267,2015-10-03,2015-07-11,2015-12-09,Vespertino,290,3,39,15
2342,1463,1161,2015-04-09,2014-08-16,2016-06-09,Vespertino,389,4,39,27
2343,1590,1034,2015-12-26,2015-07-18,2015-04-11,Vespertino,225,2,25,25
2344,1527,1300,2014-08-09,2016-02-28,2015-07-05,Matutino,227,6,26,34
2345,1363,1019,2016-04-13,2014-08-24,2015-04-30,Vespertino,172,5,15,29
2346,1181,1202,2015-01-25,2015-11-01,2015-09-26,Noturno,153,9,44,11
2347,1681,1368,2015-03-16,2016-06-09,2015-03-02,Vespertino,148,2,14,8
2348,1058,1138,2014-07-13,2016-01-30,2014-12-28,Noturno,268,4,26,14
2349,1550,1124,2015-10-28,2014-07-22,2014-10-27,Vespertino,200,7,10,32
2350,1737,1289,2015-10-15,2014-12-01,2015-11-20,Noturno,191,1,22,34
2351,1262,1075,2014-07-30,2015-12-17,2014-10-29,Vespertino,334,2,24,14
2352,1311,1286,2016-04-21,2016-03-12,2015-04-19,Vespertino,192,6,26,27
2353,1771,1292,2014-10-03,2014-09-28,2014-09-14,Vespertino,234,6,41,16
2354,1192,1081,2016-01-11,2015-05-11,2015-01-30,Matutino,384,4,23,30
2355,1580,1096,2014-10-09,2014-09-23,2015-07-20,Matutino,199,5,33,27
2356,1309,1082,2016-02-15,2016-01-26,2014-11-18,Noturno,210,4,44,23
2357,1650,1331,2015-09-14,2014-12-18,2016-04-29,Vespertino,388,2,13,23
2358,1046,1172,2016-06-14,2015-06-19,2014-11-14,Vespertino,314,2,43,39
2359,1329,1043,2015-07-03,2014-12-13,2015-07-21,Noturno,360,9,31,38
2360,1334,1057,2016-05-06,2015-06-26,2016-01-11,Vespertino,140,1,44,16
2361,1292,1347,2014-10-19,2016-04-29,2016-06-06,Noturno,393,1,27,6
2362,1363,1088,2015-02-19,2014-08-13,2014-08-29,Matutino,131,10,38,28
2363,1197,1359,2014-07-15,2015-03-21,2015-09-06,Matutino,321,6,34,15
2364,1036,1302,2015-02-10,2014-07-26,2015-04-16,Noturno,363,10,17,33
2365,1285,1041,2014-10-22,2015-08-03,2016-01-09,Matutino,103,1,14,11
2366,1859,1027,2015-07-31,2016-03-12,2014-09-12,Matutino,378,10,12,18
2367,1328,1010,2015-12-18,2015-12-04,2014-10-07,Vespertino,388,6,31,44
2368,1776,1185,2016-05-19,2014-07-20,2015-10-01,Matutino,94,10,34,18
2369,1796,1268,2014-09-12,2016-04-03,2014-12-27,Noturno,101,4,42,23
2370,1380,1232,2015-01-27,2015-05-06,2014-08-22,Noturno,358,8,25,9
2371,1219,1130,2014-08-05,2016-06-21,2016-01-28,Matutino,191,4,27,36
2372,1528,1097,2015-04-10,2016-02-20,2015-02-09,Vespertino,389,5,40,44
2373,1430,1278,2015-05-25,2015-04-02,2015-07-17,Vespertino,159,9,30,43
2374,1801,1306,2014-11-08,2016-03-01,2015-11-18,Noturno,153,10,29,9
2375,1366,1132,2016-03-10,2016-06-24,2014-07-20,Vespertino,391,10,14,7
2376,1081,1267,2014-08-24,2015-03-23,2015-11-22,Matutino,125,8,20,45
2377,1590,1203,2016-01-02,2014-07-13,2016-01-16,Noturno,168,10,16,5
2378,1677,1335,2016-06-28,2014-11-20,2015-09-14,Noturno,241,10,43,10
2379,1018,1002,2014-09-13,2015-05-04,2015-05-28,Matutino,159,9,42,27
2380,1611,1263,2015-01-07,2015-01-26,2014-09-08,Vespertino,145,3,22,37
2381,1236,1195,2014-09-15,2015-06-17,2015-06-17,Matutino,304,8,16,9
2382,1071,1086,2014-07-29,2014-12-06,2016-01-09,Vespertino,216,7,21,15
2383,1208,1342,2015-03-25,2014-08-18,2015-11-26,Vespertino,123,2,14,24
2384,1316,1340,2014-12-31,2016-01-06,2015-11-19,Vespertino,211,5,41,36
2385,1849,1254,2016-03-25,2015-07-13,2015-04-28,Noturno,290,7,28,28
2386,1653,1381,2015-04-12,2015-12-21,2015-10-31,Vespertino,222,2,29,11
2387,1261,1258,2014-09-23,2014-12-18,2014-07-25,Vespertino,182,3,20,31
2388,1263,1187,2015-09-30,2014-07-11,2014-12-29,Matutino,261,8,28,38
2389,1384,1048,2015-10-12,2016-06-25,2014-09-26,Matutino,393,5,40,17
2390,1022,1182,2015-02-20,2016-01-20,2014-10-23,Noturno,218,6,44,17
2391,1265,1285,2015-09-05,2016-03-23,2014-12-21,Matutino,93,6,36,32
2392,1531,1178,2014-12-25,2015-11-20,2016-01-25,Noturno,274,9,28,26
2393,1554,1053,2016-04-14,2014-12-25,2014-10-26,Matutino,278,4,39,40
2394,1787,1337,2016-02-05,2014-08-20,2015-11-29,Matutino,396,6,14,9
2395,1409,1168,2015-02-26,2015-08-28,2015-05-28,Matutino,384,9,24,32
2396,1366,1279,2014-12-21,2016-04-22,2015-01-21,Noturno,259,7,45,26
2397,1373,1056,2015-05-01,2015-07-01,2016-04-15,Noturno,277,4,17,22
2398,1079,1342,2015-02-11,2015-05-29,2015-06-13,Vespertino,230,2,35,12
2399,1397,1178,2014-12-17,2015-12-06,2015-01-20,Noturno,220,9,45,36
2400,1787,1037,2016-05-14,2015-01-05,2015-03-29,Noturno,318,2,25,32